0,11,12,13,14,15,16,17,21,22,23,24,25,26,27,28,29,31,32,33,35,41,42,43,50,51,52,53,nome
34030104,256795,230212,740534,125828,1593312,125176,288482,1581757,771651,1692868,919522,1120148,3100715,1118138,288151,2487204,3162886,449433,2515895,5928587,1136394,613075,1140167,400162,651323,1200731,390958,silva
21367475,139925,56143,341063,43074,903292,99848,146772,852096,358006,608963,220180,438111,909604,811796,958602,3723348,1726601,357834,1303668,3974662,907061,408007,691111,225446,313816,616354,232092,santos
11708947,109528,70120,239696,32496,435685,36133,82466,346519,206987,551721,239898,233200,419775,163567,156613,1143304,1435182,220029,925894,2400964,555029,254207,456119,157414,216902,453212,166287,oliveira
9197158,102355,86445,350692,36779,342753,42268,44664,70197,28710,199724,163129,139634,390135,87408,110159,1186561,1163790,206369,864197,1863078,405835,253243,279847,156723,200622,310248,111593,souza
6888212,55490,22583,121065,25012,272632,18617,113893,367464,190750,329367,100091,181950,275133,78844,43379,561547,932125,140715,463664,1253492,275603,167954,224097,95308,128014,331855,117568,pereira
6226228,51266,29619,123980,14286,303632,33022,62527,246977,117217,341360,97263,154075,339666,125716,45269,419806,887346,114309,466549,1140713,279161,102016,157591,87053,112016,281108,92685,ferreira
6094630,48493,66408,180404,27124,307000,21499,55203,292324,142579,536012,190764,217106,473303,163764,87154,465072,373732,60400,360389,1050907,266381,108563,166778,67391,89396,186756,89728,lima
5756825,48789,17925,70917,14707,183662,12380,91896,210753,155216,370276,96440,157592,286529,94108,77798,441615,764476,96911,359159,1092561,234891,116439,140023,73452,107746,328362,112202,alves
5428540,48409,22987,108137,18005,241036,21937,77834,214705,150327,344695,59293,91222,176645,52479,36899,256174,724735,102346,363571,1070933,245701,121497,294945,85943,111189,285606,101290,rodrigues
4861083,37783,36386,150654,19114,380471,40326,50698,384311,139690,280277,137685,119122,137574,55514,45995,324806,524390,79055,400425,710812,151510,95279,153052,46820,92378,189987,76969,costa
4797390,21620,16764,43892,27130,464776,19527,128374,733056,497628,805536,47191,159463,95065,11938,12545,226892,280948,28627,130275,465541,43113,31499,25712,14854,60204,282397,122823,sousa
4046634,35650,21181,98206,13663,186200,18087,49373,164909,90528,269254,90025,130547,269609,80572,31454,242536,480872,88670,373640,680746,120143,55100,96678,49469,67413,174792,67317,gomes
3609232,27428,41663,95927,12875,187756,16247,21314,176776,105649,318585,137800,140784,283287,72234,68447,354032,214829,74069,289426,553220,94470,49290,54700,30506,49279,94096,44543,nascimento
3460940,24858,32799,90298,14834,163792,13183,47306,224550,138757,265034,119298,148972,200803,66769,37298,316886,289011,40121,231868,526934,80369,32842,52538,34774,52112,141798,73136,araujo
3127425,23846,8190,56768,8636,139185,8432,48709,138753,72952,116052,29276,38725,67055,15814,22392,256984,422607,69532,269550,618403,186953,90202,116180,39799,56862,149666,55902,ribeiro
3069183,25873,14441,67787,11090,133694,18800,23301,112278,32655,128122,31178,57050,93713,37368,41214,379352,358634,68616,250091,638597,129743,48125,99980,38913,77453,105238,45877,almeida
2859490,18046,2966,15075,3990,82439,5765,12698,93183,29682,18119,4316,6160,24687,10886,141588,1077272,284671,71494,122659,470052,78255,44203,28671,21392,40482,115711,35028,jesus
2738119,20178,11536,57412,7876,131553,18595,33826,87880,49897,135047,53909,94304,183827,61651,26110,236636,319741,53481,206349,509863,99790,36137,61480,41887,42557,113119,43478,barbosa
2615284,22171,7874,53421,6782,109527,8232,29385,105871,70800,125945,58959,82672,113244,45765,22475,153090,379498,49894,220083,442331,96528,51955,135044,33131,43697,102848,44062,soares
2599978,18298,7187,54051,7175,116537,10053,34625,148473,146358,84540,30702,29130,85900,16614,28884,239646,313516,37800,257295,482336,96031,44806,85583,26874,41639,102691,53234,carvalho
2576764,20207,9311,50283,4886,101475,8761,29679,100999,34364,129418,29480,42489,60593,17665,12313,84468,415403,53055,214778,520047,141786,90444,137280,47341,49193,131061,39985,martins
2337914,21162,10800,60604,6427,119523,7522,30016,102006,55142,123364,40807,36658,82735,26674,5842,141092,310281,42261,173987,458975,105509,44333,118296,41851,38656,92535,40856,lopes
2102389,17800,6271,39135,5801,69911,3938,19058,79452,53562,114244,18562,43415,68491,45068,39465,119646,273484,54046,167866,402838,92073,77347,88099,27842,34713,104832,35430,vieira
2044495,16509,12082,40269,4458,77724,7192,20747,94082,61637,102710,41223,22961,52963,37881,21949,206242,263722,48327,160851,366137,91315,47890,73530,27550,30194,75858,38492,rocha
2035387,15765,6023,27730,4267,95711,12922,32833,57540,36649,53242,20305,31004,49769,11950,18778,181708,314705,47936,160364,415427,89639,45155,99614,37829,39352,95470,33700,dias
2028298,16135,3038,25985,2404,77048,6312,13573,37253,20941,68625,9746,33721,52382,11611,9640,113417,402890,43713,174755,422443,121015,61241,102707,37926,35743,95312,28722,goncalves
1835974,13763,6447,34173,3685,49282,4338,18754,43256,21249,90374,67965,57238,34105,12335,5563,84731,288004,33725,165953,392105,92077,65046,71331,35171,30217,84844,30243,fernandes
1815982,11143,3552,16596,3191,47869,5850,12686,39410,21671,29626,16173,26830,141636,20952,95705,498706,110442,34386,109144,347321,48288,21330,18815,19584,33289,58105,23682,santana
1707452,13253,8154,36781,5022,54770,4511,10409,42640,25469,72077,32187,58171,104696,15085,56418,169444,214366,29174,145161,334763,80853,39601,39009,18542,20931,50909,25056,andrade
1703130,15785,7246,54410,4707,77590,6892,19861,37791,28010,70807,34024,55499,76251,21832,28757,157937,222818,36150,107462,322318,86586,34409,38361,22332,29419,80023,25853,batista
1569246,12972,4738,33471,3078,69372,9602,18985,65370,39345,56964,27104,36073,66957,21169,19686,118497,164198,32660,114703,267094,60250,49322,124434,24796,31242,69079,28085,nunes
1534767,12705,11815,43749,3981,72841,8615,8207,41347,19219,136718,34575,29728,57898,14181,12555,83599,205958,31496,129610,256755,65775,35852,87453,24675,23890,60550,21020,freitas
1534490,5488,7037,13533,5934,106793,6937,16707,169596,49916,23596,13394,27372,92582,53046,40678,305883,70059,28662,174534,170955,20521,15307,25211,11722,24264,39123,15640,conceicao
1522803,10889,12280,40094,5634,77276,6788,11052,58303,26123,79025,50447,50299,166033,59892,34078,64473,146707,13887,105400,249085,55952,34157,46513,15033,20430,57573,25380,melo
1517636,12002,5244,25375,2917,56228,4096,13857,41025,14772,83427,11669,16082,21114,10347,5697,134624,274756,36552,130702,302423,77192,32835,57656,18680,24948,78343,25073,moreira
1486310,11258,2921,30961,3222,112522,13049,18990,70296,34891,33308,13162,17920,22047,9386,18243,119625,170683,26908,110183,280340,71126,66567,86558,19932,23970,73281,24961,cardoso
1483376,11555,2851,34604,4157,105180,7530,20355,94841,27630,18556,3346,4388,16352,5736,18720,197253,291841,28685,105573,253033,45140,21802,47267,12188,22635,60036,22122,reis
1476511,11232,7092,40750,4785,80874,5910,13343,65227,28915,50157,24028,20655,41311,7311,34952,203058,161901,23849,109718,272128,79708,34485,45988,16971,32724,42203,17236,cruz
1354309,11838,2927,41699,4119,56599,9593,8495,42185,16108,25454,8949,28975,69872,13677,16351,118724,151589,31742,128765,276792,77286,44856,62753,19106,25222,42183,18450,ramos
1329652,10953,4828,22494,3487,58871,6197,12959,98019,33402,62884,10856,23425,44952,9536,4382,83041,211330,20169,94873,237817,65907,36362,40424,18797,26857,62043,24787,mendes
1328317,9537,4138,39872,3478,50466,8196,8601,49891,26295,68194,15265,25744,51170,20331,9112,74759,164525,20713,108669,273193,57393,27284,72486,24770,27859,61905,24471,marques
1268583,9146,3044,12548,2128,40178,4826,7017,33504,20915,20403,4935,6580,14357,5939,6922,67154,126405,31563,135643,207772,108980,90019,211775,18264,17453,46202,14911,machado
1197956,8639,1190,3620,1204,24838,1493,4485,14431,6721,7312,3782,2948,8414,3250,5913,63637,147154,30677,107082,214843,90385,99499,235513,17076,22224,61314,10312,rosa
1175392,9533,6010,29270,4513,93075,12216,17768,61784,43200,67044,23035,34185,49916,12819,9798,183268,81395,13363,64842,193474,31155,12733,21894,12744,19309,45942,21107,brito
1135109,7386,3430,33579,3337,96183,10807,7765,57704,15198,29205,6585,8341,30436,9179,5184,36144,75587,18034,94822,295907,58535,37037,80165,19336,35079,46292,13852,moraes
1134562,6795,3295,19111,2582,37182,4131,6826,31746,17214,37980,25447,24990,61982,19574,15580,73937,132670,22095,90300,269797,61786,43096,34906,15544,18407,41643,15946,junior
1073564,8094,9919,15936,2979,40038,2454,11150,35717,47791,80101,35094,23979,73196,15990,14707,63188,111807,15064,84127,184320,35755,17097,52173,11742,18181,44108,18857,moura
1042878,9187,2228,17458,2021,40472,2581,6970,32158,11414,57794,16398,7940,19920,8597,4553,71939,174091,21728,110187,207761,50968,28553,60884,11751,15030,34975,15320,teixeira
1027857,7736,5763,24027,4087,65642,5513,18926,87612,28229,63651,14132,21149,103001,36071,10761,52272,58194,13213,87623,171382,26807,12018,22117,14042,21720,34353,17816,barros
1023684,8910,7242,58941,4570,73148,5462,11419,55710,24910,76055,8458,7206,16274,5567,3426,59132,136627,13637,92538,161801,39995,16974,46163,9878,13368,45655,20618,castro
997788,6495,2381,8844,1567,49852,4162,14285,32986,27646,18742,9720,10283,14676,5015,4245,88274,138999,17652,60289,164282,49643,45207,74823,14029,23226,90077,20388,borges
994185,5854,2905,21832,3111,32340,2844,7511,48210,34640,73067,29263,40437,84468,22340,14138,78238,88905,14964,65815,177827,32951,19259,14407,10393,14993,41211,12262,filho
970996,5652,1532,4066,1047,13022,738,2932,12531,20713,33751,17914,20002,148019,23142,5159,56666,158634,14918,74655,199234,36707,22212,18496,6867,15883,42554,13950,maria
937109,7573,536,919,348,2922,108,1619,1697,1308,3159,2331,3034,7510,2602,1459,10825,254314,10345,31963,376923,105518,30244,8211,16170,18926,30276,6269,aparecida
883403,7310,2679,19954,2653,36189,3979,7285,30968,8275,17469,6988,9962,23246,4348,6515,45903,142065,16322,72814,218206,43027,22711,32407,12738,40442,35451,13497,campos
876649,7704,3083,20036,1837,73753,7513,12912,32310,19905,22031,12089,8861,23015,5040,1715,85651,132742,21482,69046,148804,43443,20967,22006,12119,20315,33782,14488,miranda
874360,5225,9481,22477,3925,29311,1744,11675,45199,22500,127158,70927,55569,149025,32373,9228,24663,12891,2784,38359,128931,12618,4725,2137,8148,10612,18292,14383,bezerra
861799,6220,5121,38376,2979,100807,11333,6123,31309,15129,48982,11216,23714,45894,15020,7646,32124,63122,17883,99047,147723,28826,16546,25547,9570,11329,26183,14030,monteiro
850059,7686,7583,41526,2694,99053,9652,7080,67931,12232,64925,19614,7930,13861,7961,5175,53680,69950,14052,68442,122367,35115,18937,38248,9203,13234,20790,11138,pinheiro
828355,8929,2903,9095,917,13103,1550,3076,6927,3569,28309,5986,3749,17893,2801,1052,10323,208825,19762,82418,210827,71986,16589,22346,11090,17070,38931,8329,paula
827405,5703,6404,21970,2669,61662,2852,8631,42991,21894,33705,19842,15186,22690,3081,7060,45809,98322,13992,92373,130571,27133,27431,42285,8360,12968,37253,14568,cunha
824756,5712,3229,33300,2853,59117,4338,9019,38581,7126,43452,7747,7304,12731,5297,6410,56245,106964,17404,97776,146213,36948,16389,50824,7075,12471,21141,9090,pinto
789824,6566,2825,12130,2015,23798,3645,7445,28879,12991,34437,11205,33023,55456,15907,10731,51613,73528,12036,52571,192224,32272,15735,20695,15261,22502,26709,13625,leite
775845,5653,3020,15427,2360,25819,2538,8642,31141,28905,55351,29496,32481,49566,16743,12539,58354,77333,12172,39341,133266,29406,18637,15331,10419,13850,38128,9927,neto
746863,5561,5081,25677,3442,40598,3075,7235,36451,10240,42793,2732,3382,12574,4152,18072,123726,68247,13651,48858,127104,29310,20144,31647,11832,14546,24605,12128,matos
740653,6611,4746,31087,2835,80583,6828,5692,24316,9425,48705,16714,39913,44407,30303,13406,43771,26313,8703,53684,87594,32270,27030,41387,9597,12448,20204,12081,farias
736163,7024,2288,20973,1512,38914,3816,5881,25434,8153,13050,6225,14679,25772,5678,4593,90542,85096,23317,72721,140530,33614,15016,21537,8353,17552,32026,11867,neves
718386,6624,3869,13970,1452,31275,3717,4218,29005,5201,22747,4553,13022,41712,27623,14576,58746,57995,19053,61497,137167,46081,26749,26923,10171,14708,27440,8292,correia
685449,4931,1436,16205,2346,31203,4237,4007,15722,8406,43736,15593,18002,17771,8880,1417,26225,96083,11556,65064,114005,25938,25088,58036,16930,14617,28090,9925,duarte
674291,5284,3269,24360,2916,44435,4457,5941,56734,17225,51898,9652,8609,19092,7969,5998,49533,83692,17108,62518,102586,19222,8554,17021,6319,9926,18357,11616,viana
665854,3356,1271,6983,1132,14155,1111,2281,8149,2699,27184,7487,4838,8620,1600,6903,21761,85851,9546,55740,94913,36158,50708,177642,6998,7027,15459,6282,silveira
661273,6609,4950,26131,1449,29987,2778,5390,22060,9262,54884,11694,9868,20951,6192,2803,37276,83148,9344,64068,142314,26952,9040,14843,14115,11231,23155,10779,nogueira
658511,5204,3859,10589,2644,28858,4411,9579,46588,19177,46129,30632,21806,26397,7173,3587,29762,83269,7349,27242,96249,28122,14815,24994,7105,14291,47416,11264,morais
657549,3852,1811,15324,1743,21864,1757,2873,14134,8229,27246,87511,49301,29855,9766,2307,18945,53910,8533,67033,95085,21052,30154,38173,7590,7900,19156,12445,medeiros
644373,4512,2689,26835,1767,50554,7775,10326,14259,6115,29902,15601,21147,40486,16785,12496,24378,57306,8966,73965,102403,21248,13613,25838,5396,8749,30203,11059,tavares
639315,5758,2749,24940,2017,34761,4105,12821,43541,17241,31815,3759,6891,25637,1891,1378,34206,98797,15856,62629,94734,18518,24753,21864,7027,9345,22200,10082,coelho
628861,4898,3751,22091,1752,31043,3295,4482,29160,6269,24714,24012,13900,23414,5201,6012,45620,59044,12998,104604,100595,23476,10545,29194,6020,7066,16092,9613,azevedo
618921,4279,1329,18114,908,36087,3505,4666,28531,5776,10710,18579,6362,13293,3837,7392,34295,127423,11338,72567,99791,23591,10180,33292,6461,7661,19007,9947,fonseca
616971,5067,1202,3469,2432,7299,383,3904,7116,9242,11207,6294,14117,88625,12504,3925,39251,99712,9950,44393,130837,29066,17329,7937,6711,12064,35386,7549,jose
615356,5049,755,17639,3616,22274,1647,1871,12397,1088,9634,5768,4446,2525,805,1824,9926,60585,11805,43760,199210,46887,25483,66746,21253,13223,19624,5516,garcia
601971,4152,1675,19641,1538,29697,2273,7084,21358,6434,11122,3567,8792,17369,3730,8588,47665,98792,12863,77969,98872,24580,10503,19180,6235,10656,35001,12635,guimaraes
590896,3677,1100,6252,746,18266,3277,5461,21949,6972,18108,2700,5116,7708,1442,960,46331,73663,10792,50053,137266,37242,21665,43026,8729,10162,39068,9165,pires
580641,2185,666,22452,1135,72726,5741,1084,22338,674,2485,810,1472,5340,1447,2343,6029,53213,15136,73817,115863,29857,42030,64826,12094,10816,8922,5140,correa
569655,4427,1548,14067,2643,23259,2172,6163,22703,24622,21440,19264,15070,25928,3761,5169,67107,44330,5510,46857,112508,21252,12391,19121,6274,9244,22132,10693,macedo
553981,4508,4307,10397,1363,14792,1838,4957,27734,10126,18830,18634,20281,47964,13176,9054,53842,36287,7767,44061,98895,34682,14201,10141,6779,12432,17987,8946,franca
535462,4170,1520,10190,617,34758,4186,2811,11887,3443,10121,3561,3841,15234,2898,2539,31841,76992,11253,51328,109802,31641,23342,46749,8526,8419,15881,7912,amaral
527569,3238,1462,10980,1025,16293,987,4458,7846,6209,27966,15311,15055,31820,5633,4571,47065,69815,9953,41657,100982,20818,11290,20681,6345,9841,26774,9494,xavier
517322,4223,2469,10142,878,15391,752,2730,9834,9817,15894,12264,14038,20341,4796,3010,38156,104346,14532,53477,94053,20560,8057,10480,7210,8950,23391,7531,assis
510309,4816,3271,20579,3480,32543,1164,6042,24963,7362,42328,3945,6379,14100,4376,11681,64868,52809,8112,40135,82542,12431,11150,12921,4485,6407,18183,9237,mota
510012,3934,1038,4093,927,5918,454,1405,5574,3271,10243,6962,12666,30517,6429,2031,8564,99334,6123,37580,160485,35659,14614,8066,6216,9167,21254,7488,henrique
507209,4886,2615,12198,949,31151,4284,3238,12299,3850,20414,2981,5204,20552,4841,5055,51874,90417,10338,40290,99848,22702,6095,7631,5685,9771,22789,5252,carmo
501236,4126,1166,8978,808,22296,1136,2292,7512,4866,14769,5552,4149,42200,4270,5908,6588,56784,14233,51160,120184,34248,13774,24037,6865,12072,24154,7109,siqueira
500734,3844,4969,23458,2087,19355,1429,3401,13655,4100,34724,8437,8379,27812,8298,35592,59713,37686,5652,49844,76046,8944,5876,24191,6638,5094,13571,7939,menezes
496368,3914,4188,17855,1794,20704,2085,4085,9912,4306,40468,17167,14395,26660,5700,1494,60337,53862,7362,32345,90482,13326,3818,6069,9893,10441,22574,11132,queiroz
493683,5308,4065,11872,1822,22140,1692,9261,36224,11048,36017,4345,6917,17554,1957,1771,29389,57009,11875,49101,84766,15595,13326,19779,3909,8769,17117,11055,aguiar
490720,4385,5195,13667,2328,23483,2196,5004,21371,14516,55996,12740,17173,28585,3866,5190,46359,46986,7696,31668,80767,12777,4532,6306,4983,8545,15220,9186,sales
484731,4592,5568,21099,1830,35624,4434,3046,16119,5938,48092,2768,6430,8637,2831,1278,24731,74474,10208,58287,70899,13008,6098,22239,5665,5418,15702,9716,braga
481495,4604,3882,12068,1955,20507,1389,5085,30543,15153,20427,5572,9045,31555,11830,2112,54167,47859,16284,36041,75273,10249,12045,5159,7403,16244,16643,8401,amorim
475296,3480,5950,25022,2587,21923,2498,6024,15197,12867,72105,15640,25320,54169,31616,4386,21217,8905,2093,25384,71966,7621,2240,1463,5092,6095,14477,9959,cavalcante
470447,4628,2321,12768,928,26880,3837,2374,10297,2927,22303,6783,12330,37117,7500,1657,26487,51144,7799,41708,74328,57594,19412,6627,4723,5929,13705,6341,cordeiro
458028,2903,3298,9794,1057,12674,1376,1966,6160,6869,29185,72824,44853,19676,11045,17824,51974,15533,3318,29541,74612,7351,2568,1825,4041,4932,12210,8619,dantas
452712,3174,2504,7587,1258,27395,2266,6641,38229,11794,34656,2751,5348,6487,2665,1579,19533,57884,8555,55020,67013,16540,11813,26503,3108,7164,17446,7799,abreu
437602,2567,2718,8962,2057,25292,815,7699,26330,5828,49497,4938,12831,21214,1787,1013,52019,38631,5248,32835,55478,30987,8096,8022,3651,4498,16871,7718,carneiro
417368,2703,596,2137,446,6398,420,982,5098,1887,3444,4426,3242,13416,2335,1229,5907,84351,3813,47022,151257,25962,10861,4415,3791,7628,17552,6050,cristina
417301,3115,4659,12848,1872,22123,1507,2649,17471,8811,45029,21444,10645,11900,1581,949,16920,61080,5562,43096,67533,11485,3364,8603,3579,4456,16886,8134,paiva
415199,2520,2698,13981,3572,16773,1773,3084,12382,7866,34282,1489,2628,12242,3671,1209,36949,73991,4887,43286,65333,10811,3782,7449,5409,11486,21355,10291,magalhaes
410698,3129,1683,10733,710,23178,2973,2487,17394,6432,10626,4551,5315,18210,7068,10724,79090,37147,9313,24322,68690,17043,9893,7852,4446,7621,14620,5448,anjos
408508,3291,3023,16865,1192,27654,8079,3747,12818,4349,29438,3557,8425,13635,2913,2534,15964,45676,4539,28138,60949,23750,16944,39630,7719,7038,10721,5920,maciel
399521,3876,6221,17072,1390,28244,1665,2228,10771,4100,44183,12729,8052,7699,2663,2008,26418,48623,5082,42487,51136,18925,13819,12498,3443,4215,12961,7013,maia
397865,2912,2351,6442,977,8116,575,1762,8330,5622,36794,17835,28603,35254,13318,5278,23176,32784,5968,31112,78929,13011,4068,5427,4681,5347,13197,5996,felix
395666,2505,253,413,148,2312,55,1324,509,116,446,226,245,514,174,114,1817,18505,2879,9717,188012,65757,21260,42450,8429,9096,15668,2722,camargo
391084,1901,265,993,367,2426,188,1183,1741,491,1100,1772,814,1647,583,1241,3949,125467,8870,50715,109469,23688,5277,4461,3829,5593,27028,6026,faria
376383,3192,2094,9226,1630,28931,1897,4552,23816,7771,27566,3283,6964,8540,1753,2002,23548,51043,6140,29394,48165,17202,13398,24632,6180,5004,12025,6435,chaves
370994,2025,1808,8426,1609,11368,1888,1019,3232,2785,14833,6247,7160,15789,2880,18055,79303,17643,6951,59738,59652,10056,4900,12527,4572,3773,7443,5312,barreto
370889,3304,534,2219,1003,3006,88,3568,3384,5192,3676,4438,10760,25814,4971,2547,21492,50143,8935,36586,102415,20368,13073,7151,6367,7230,18616,4009,francisco
369764,2883,456,2720,641,3659,206,1394,2535,2943,5829,4480,6412,20755,4037,1181,11436,69606,7389,30191,109933,23665,13226,9275,5502,6903,18367,4140,antonio
368011,2177,837,2912,836,26606,2560,8363,18877,11721,5933,2279,2359,10371,1624,1346,29795,24711,3504,15206,48983,49214,29027,43120,3256,8391,10494,3509,luz
362720,2761,709,7936,1323,28906,2385,3898,14256,25059,4599,1797,5740,12928,1063,2808,29907,33643,7634,35884,54762,22953,10087,26786,4081,4939,10170,5706,leal
356002,3030,935,3477,742,6185,388,1808,6709,3535,16531,7935,5949,16101,3728,2278,15649,48899,7779,37060,98068,21093,11193,8623,4048,6314,13601,4344,carlos
344780,2943,961,10246,810,15316,2074,4411,28732,11779,12270,3015,6514,32656,3753,6162,28721,34796,4659,35519,52843,8434,5822,6666,3143,4615,12129,5791,sa
343744,2612,2830,15141,866,12303,1363,1713,21061,1148,14495,7417,8969,17149,8456,10964,9836,36777,6195,45548,58344,9966,5829,9402,6418,4838,18457,5647,mendonca
340113,2058,2590,9680,1770,15542,1466,1913,16624,11860,40200,1329,2842,8709,4204,2255,50045,18482,5022,30976,64051,12168,4271,8113,3228,6013,8229,6473,sampaio
339239,2593,1624,10380,1376,12197,1045,4163,16897,7474,19436,9423,7120,32086,8111,3301,15230,29103,3984,33591,64332,10311,5917,10740,6786,4460,10139,7420,torres
337455,3129,1830,9438,1205,16258,1296,3083,18027,3658,9263,10134,14781,28465,6276,2712,13307,23709,7032,45401,53168,12371,9862,10850,6046,5062,16528,4564,cabral
330105,1870,2069,18832,1348,20399,2197,1693,7929,5650,50092,4585,11483,30907,7636,5298,17473,29390,4723,25571,43338,5575,2617,8632,2545,3115,8037,7101,vasconcelos
327621,2483,520,1050,242,3765,340,4585,4732,4440,1518,729,1442,6887,8349,23605,126679,18799,4718,10282,65733,7121,1767,789,3879,6552,11936,4679,bispo
324642,2825,3019,10270,1532,19156,2718,2099,25788,14418,24548,10032,5557,10158,3531,5260,16032,25200,7572,32986,47337,13505,6221,13211,1865,4018,9947,5837,chagas
311506,2484,1506,12647,973,24319,3930,3128,13231,7575,15067,7112,4925,16278,3899,2553,69611,28721,4691,12640,45074,4858,2754,4595,2356,3290,8401,4888,sena
302373,1913,202,1618,96,2973,206,738,1046,1939,3123,1939,950,3481,495,327,7392,44492,3492,27486,70007,36841,33384,36922,6313,5065,6359,3574,antunes
298204,1964,2050,23856,1008,20539,1019,7547,20730,3022,12496,9025,15120,18779,5445,1846,18214,21661,4127,38503,37820,6882,3434,3759,2127,3488,9351,4392,marinho
297570,2342,739,8593,629,9220,1656,1886,8874,4080,17315,4931,3588,13639,3826,3459,18405,33662,7602,35459,42674,10895,11406,30011,3520,3529,10122,5508,lemos
297024,2485,752,10003,614,13224,3954,3316,3758,3548,10859,7883,17501,16462,5442,2008,22364,33748,4150,27313,56242,10037,6236,13107,2579,3507,8669,7263,guedes
293972,2971,4275,10325,1882,19011,1385,6577,26928,18633,40225,3456,9276,24297,11139,12695,11180,4864,1514,9928,41888,4532,1518,581,3143,5015,10677,6057,feitosa
293382,5080,2367,6508,842,20874,1806,4723,17963,7797,15086,6154,8228,14005,5090,3258,28736,32755,5947,13420,35611,11512,6591,7810,3548,9426,15020,3225,perreira
293042,2132,2964,8928,633,8249,567,1911,9507,4019,33773,19233,14116,23649,4935,6406,22966,19347,5664,24379,46830,7357,1884,3524,2390,2712,9012,5955,freire
291611,2564,764,3304,356,2641,105,1505,2028,1131,15247,6769,12039,14423,6305,825,5418,46719,6547,24824,74384,17124,10257,6094,5442,5440,16430,2926,candido
290743,2307,456,1833,569,3229,210,1349,993,1115,3296,3962,5816,14182,2781,972,6728,50821,5736,35796,74733,21796,17895,10234,3616,5480,11834,3004,luiz
289882,1680,916,8806,655,11660,1527,1448,14048,3789,12176,1463,1761,4738,2091,2401,43659,23876,7411,46385,43966,9746,6188,16243,2131,3909,12411,4798,bastos
289158,1915,622,1227,280,4455,279,772,4737,3037,7456,4067,5012,8079,2010,1042,4113,68518,3122,19226,68364,33617,11207,12396,3075,4631,12268,3631,fatima
287753,1835,71,574,137,984,131,1051,638,799,311,154,106,394,143,86,1062,20772,1873,7440,119554,54417,14428,32018,3924,5942,16782,2127,bueno
287400,2964,931,2574,625,6799,615,990,5170,2958,5272,4707,6119,28364,5580,2456,13075,42641,11955,27113,62058,16377,6441,4151,3696,7723,13154,2892,vitoria
287265,2082,590,2934,645,2967,309,931,2190,1459,4259,238,538,2540,626,3341,14228,32403,2666,12679,114946,28587,11446,14656,5561,7609,13353,3482,prado
286672,2354,1928,7919,991,15528,1052,2117,7078,5871,21623,6221,4610,13431,2547,3622,37809,32198,5209,25216,48389,8966,4712,6796,2690,4287,9034,4474,santiago
276583,1596,3736,11818,1385,13576,1286,1306,6907,4046,30703,6121,15014,51714,13227,2268,5738,6726,1344,24849,39940,6359,4257,5937,4297,3032,3859,5542,albuquerque
274842,1254,1212,8639,798,14173,1822,1020,5023,2262,7167,4409,11574,8167,1481,2824,19112,42802,4062,36476,51226,9047,6052,10832,5256,8892,4707,4553,figueiredo
274220,2599,741,3441,1090,5573,488,871,4766,2861,8219,6876,6840,19578,4482,1944,8118,40676,3480,19706,68528,20069,9884,6157,4029,7048,12387,3769,gabriel
272539,1937,351,8547,834,39764,5225,1073,11772,3185,1668,4868,2775,4599,1871,3244,28314,24279,3364,17893,41225,11986,7660,28670,3605,4058,6367,3405,trindade
271997,1644,2117,10928,790,11787,1548,2294,15314,6081,13933,1477,2969,7568,5952,1617,34602,30981,8272,24173,43514,6521,2870,8855,4325,4876,10451,6538,brandao
271379,1760,989,4245,646,5614,265,2552,7206,1074,15585,4228,8776,30907,1169,231,6238,18931,2701,16139,58589,11187,6304,6924,13876,32724,9250,3269,arruda
267765,1661,931,3283,726,10450,644,1513,37248,2075,8967,6216,18961,11697,1122,1261,3572,47748,2598,23056,47180,9287,2311,5475,3764,2383,8658,4978,diniz
265114,1609,443,6093,788,14568,3254,1681,13469,3015,4158,2016,1432,5058,2031,1211,12843,30443,4841,35860,39706,16223,17203,29228,2817,3512,8101,3511,pacheco
264859,2003,781,6890,1412,11268,300,1353,6543,2445,5261,2271,2791,2494,439,1251,9321,35024,3392,18093,78642,21313,7130,16314,9935,4320,10467,3406,franco
261654,3215,806,5623,405,12228,1967,1225,9220,7329,6895,634,1304,5269,1686,8797,36895,26904,9436,21123,43132,10986,13459,14359,1553,3155,9464,4585,passos
260301,1311,1734,12559,1500,15664,408,3361,10369,8329,15221,10426,20057,53377,11482,1237,6425,4193,2937,15765,40013,4178,2099,2516,1762,3177,5696,4505,lira
257262,2465,803,5643,487,7011,722,805,18829,1474,5868,2285,4307,3571,263,418,7268,41566,7349,28128,31221,11734,11705,38926,5174,4096,11157,3987,dutra
253518,2356,587,2306,955,4763,283,1195,1742,1276,9870,3001,5215,8697,4545,1995,9916,44487,7906,23882,60622,15184,8749,8746,3316,3862,13997,4065,caetano
249410,1840,988,4869,618,25122,2508,1702,9381,3452,7485,1497,1532,9695,2060,6973,58412,23791,4937,19232,37304,6232,2005,3138,1793,3376,6696,2772,paixao
241054,2077,3923,8952,1498,12600,687,5922,15952,15680,34728,2900,5576,21841,4169,967,9935,7546,1337,10117,38387,5758,2333,1792,5178,5030,9770,6399,alencar
238056,2710,179,213,79,818,27,490,240,210,468,191,279,974,516,247,2798,44281,831,1803,128481,29579,1718,302,6334,6775,6482,1031,aparecido
231908,2921,717,4065,459,11677,923,2989,5385,2764,7759,1366,3265,6559,1450,919,19052,37089,5429,11726,42234,17963,9067,10747,4522,5749,11722,3390,gonsalves
230478,1397,3576,7632,1620,15600,798,1284,17207,8897,48501,3475,2175,4112,1280,1451,5600,18624,1724,23583,26616,4099,2107,7960,1153,2647,11200,6160,mesquita
226624,2031,409,1856,340,1638,213,699,991,789,5117,6403,11810,18380,5364,1430,4748,22033,7373,25276,62355,14168,11050,6583,4309,3399,6234,1626,vicente
226211,1467,247,1738,633,2030,115,1095,1385,1291,13095,4212,8523,10897,5066,886,3165,31189,5697,24206,61418,18377,6913,5193,2669,3306,8862,2536,lourenco
225978,1367,587,1901,431,2740,150,580,1448,928,4571,3308,3527,6187,1766,992,4499,45031,3431,22591,80124,13983,4645,3227,2750,3576,8226,3412,augusto
223947,1390,433,4204,525,11478,2143,2048,7995,3482,6908,2757,5773,7586,1016,895,17417,25751,13378,43930,35333,8810,2816,5031,1800,2192,5592,3264,coutinho
222756,1633,1056,2806,536,6757,336,1176,4325,2895,24377,9292,12098,14740,6444,3063,8712,20168,4827,15549,41170,10830,7589,5458,2405,2970,8331,3213,matias
222305,1908,502,3637,397,6674,2083,2384,3661,3831,7080,1703,12803,10284,1530,664,18612,39741,5227,17899,37472,8717,2929,11441,2416,2930,9716,6064,lacerda
221980,1511,1612,5867,569,9979,607,3015,7615,4182,16495,9881,5157,11170,4237,3236,18270,24807,2847,15341,38200,5649,2525,6371,6303,4291,8146,4097,aquino
220300,1682,1928,4616,408,6168,432,1212,14567,3122,11421,1292,4170,10544,2078,2331,21463,22010,5940,27358,43654,6690,6586,6475,2258,2819,5484,3592,muniz
212344,1861,796,3165,555,8629,566,2537,5641,4372,13023,2907,4712,5313,1200,2866,33164,32636,3975,10449,41838,7313,2322,1967,2245,4199,10291,3802,evangelista
211357,1800,627,3134,485,4095,320,712,2429,1778,11485,8730,8096,12338,1632,871,3825,33279,3583,18026,48630,13943,9488,3445,2538,3527,9727,2814,felipe
210835,2031,787,4666,441,4735,277,692,3022,1876,11811,6602,5840,11759,2566,1303,5460,38020,5237,20077,40564,8964,4710,12821,2112,3893,7505,3064,lucas
209090,1376,1431,8430,756,10621,1210,930,7381,2435,17804,9729,16705,12599,2993,352,3268,7991,2981,21770,44052,15273,3603,3427,1604,2754,4741,2874,pontes
207180,2046,1014,2923,1082,2805,350,1510,2449,1414,12723,5973,8556,7001,2671,968,8376,26572,4857,20684,51091,11566,8590,4477,2778,3867,8681,2156,bento
206498,1794,412,7527,686,11468,639,2293,10766,9051,11297,3566,4132,17836,7049,1334,15875,9647,1738,11308,29786,9520,5685,17272,2643,3181,6414,3579,paz
203330,1555,1090,19091,757,20262,4407,3187,7319,3226,3697,2438,1989,4943,5153,3396,32122,10504,6179,20663,29714,2911,1686,4441,1844,2936,5139,2681,gama
203262,986,330,1129,182,2657,143,1997,1618,1201,737,705,672,3637,481,5585,4728,65118,5200,18395,36294,7670,2510,3858,4842,5560,22021,5006,rezende
203091,1912,434,3053,983,2431,146,606,1849,1192,6493,4283,6870,14105,3468,1102,4650,29775,4012,18087,56433,12500,7755,3616,2808,4009,8163,2356,miguel
201694,794,167,1103,150,1330,75,274,807,206,681,435,597,2033,974,402,3136,9024,3629,43347,49604,18744,15949,39428,2404,2602,1819,1980,mello
201056,1249,463,2782,860,2946,285,798,2054,1998,18545,6287,11360,16463,5378,1394,4245,19853,2479,15080,49405,9253,10286,4351,2606,2808,5447,2381,alexandre
200326,1431,1229,3156,459,11355,1120,2622,3917,3991,13298,540,1260,6205,3144,9586,32561,14448,2145,12821,32968,6666,4615,6778,1755,3023,15196,4037,teles
200234,1697,556,3781,492,1750,75,917,1684,1558,9982,1999,4191,7888,1976,501,4109,23706,5219,18543,66702,14709,6313,4259,4070,3718,7915,1924,mariano
192058,1197,141,5020,212,3808,195,237,2163,221,2782,1143,3554,7171,1807,2012,17019,27067,9258,20594,55037,9443,3637,8698,2212,1597,3568,2265,simoes
191302,1460,404,4529,2140,4936,283,797,2099,434,12891,3980,1923,8428,4699,1127,12466,25246,4685,30469,28162,4996,2555,10772,2720,2700,12998,3403,peixoto
189637,1429,619,9867,1044,21149,2254,2491,7101,2770,4563,1678,2109,9495,4318,1106,15487,12950,6760,22874,28176,7364,3285,7824,1305,2198,6620,2801,pimentel
188073,1855,702,2006,392,3735,317,678,2847,2386,16053,3844,5446,7431,2137,701,6082,30618,5340,19588,41573,8610,6274,4409,2150,3072,7110,2717,paulo
187331,1327,413,1399,299,1958,177,981,2406,1457,4657,1976,2661,6636,1715,852,5596,30656,3339,20882,57186,11300,5770,6811,2390,3187,8098,3202,cesar
185043,1546,325,2295,315,2311,122,502,1259,831,3996,2107,3294,8211,2160,814,4011,28354,2975,17800,65952,12133,5888,4643,2806,3006,5406,1981,roberto
184696,1472,1068,1254,232,1628,75,519,1414,823,9874,4441,7448,10236,4071,1870,5165,27706,4645,16724,49156,9785,7780,3552,2952,3794,5523,1489,domingos
184597,1102,168,465,65,1038,68,219,728,252,1765,434,1085,1961,438,211,4574,18868,1359,12824,83186,23165,5629,14268,3688,2331,3432,1274,domingues
184208,1725,100,435,159,3001,208,595,395,155,601,2709,802,2538,1001,1003,12284,28667,4738,12101,27732,14936,13814,40717,2580,2944,6438,1830,fagundes
181444,1490,1158,4349,991,10212,478,2483,12544,3649,5804,9111,3026,10483,2391,614,12274,9989,2681,10561,41328,13557,3546,3658,2103,3300,6416,3248,galvao
179422,1380,449,1634,283,8775,1785,992,5043,3930,2590,401,707,2199,290,79,6578,25238,2464,12018,38692,18268,6532,15968,2648,2546,14683,3250,vaz
178517,1994,2551,7081,557,7083,916,965,7944,6838,15570,7136,11300,19395,2057,489,11065,13599,1921,13018,25635,3746,3508,1771,2198,2577,4420,3183,pessoa
175813,1769,1146,6660,744,13960,926,2313,12483,3987,14436,6111,2985,8116,4020,1749,19706,17714,3625,13361,17612,3299,2828,4363,1253,2489,5927,2231,texeira
175318,756,465,1799,185,2415,81,575,4682,1112,674,237,1878,10360,992,449,13815,20628,3104,13949,58900,10647,4047,11838,2335,2938,4078,2379,ferraz
175026,1377,229,2450,431,892,26,821,1012,379,195,111,99,235,66,64,1993,9932,5196,12664,12410,10555,18074,82761,6403,2265,2925,1461,vargas
174176,1643,1165,4919,595,29211,3915,1130,14015,3403,16715,1154,2447,2004,196,131,1255,17651,3804,15849,18183,4857,7963,10132,2231,1988,5144,2476,furtado
172212,1342,1524,2365,1248,2111,139,717,2604,1833,16188,8559,11642,8409,5352,373,2069,21247,2990,12555,45414,8707,2663,729,2121,2467,4988,1856,paulino
171742,1972,611,2324,467,1240,48,810,944,978,10615,5287,4689,7933,4077,853,3316,26231,4019,13615,41880,9590,9281,4715,2590,3207,8722,1728,inacio
169873,840,127,526,99,2148,110,1275,1724,3567,654,504,738,2143,336,3311,3560,76128,3675,16513,21197,3962,1712,2024,1701,3167,14777,3355,resende
169603,983,139,1981,275,4158,161,1213,4030,1256,2685,645,4113,3177,1369,2428,22506,17821,5391,21477,30676,4968,6270,18597,1860,2472,5698,3254,porto
168117,1445,247,1307,437,1804,141,411,1302,1158,4375,4334,6252,10562,3148,998,8251,21671,2664,15355,49172,10448,7186,3335,2290,2937,5413,1474,pedro
167874,926,310,1758,94,4982,204,651,991,713,2028,985,1060,3782,856,1876,14207,30535,5113,32229,27368,6956,4157,12529,1644,2281,6582,3057,couto
167581,868,134,2928,315,13726,501,1154,11752,2151,2339,1808,3060,2692,5071,4563,19296,17599,2529,12713,29875,7776,5151,7218,1226,2239,4932,3965,lisboa
167286,1419,430,5967,535,22922,1419,1905,17131,2896,5445,2044,891,4151,912,909,13392,19234,1893,8953,22378,6549,3801,4475,1665,5510,7652,2808,assuncao
164939,370,338,275,77,1003,43,2392,1010,2322,338,262,167,1175,2271,1679,95615,8362,2104,12696,24259,1859,898,557,461,1053,1529,1824,cerqueira
161028,912,390,2326,440,8826,1037,904,3865,2329,12599,1835,4925,7552,3752,3465,19075,14914,2710,15446,31256,5040,2038,1311,1914,2560,6608,2999,alcantara
158904,1562,852,2599,523,15021,1177,1629,7585,2844,3503,1011,1763,6614,2151,2668,18234,10939,4116,17447,28036,6858,2758,4612,2243,5922,4640,1597,santo
153839,1708,700,2517,455,5836,450,2405,5626,5999,11335,7673,6713,8530,1911,1500,9577,17034,2788,8525,25709,6420,1948,1580,2365,3657,8442,2436,sobrinho
151405,3195,1227,4525,458,8959,510,3127,8012,4035,7501,2048,3824,5077,1659,638,11440,19226,2698,6023,20298,8443,4981,3956,2337,6119,9609,1480,fereira
147341,1379,1636,5565,730,12847,1371,3068,9994,6057,23539,3821,2694,4314,643,140,4313,10487,983,7627,19461,3217,1740,11762,1376,1428,3930,3219,saraiva
146731,682,347,2564,247,26387,1604,478,4698,1856,1385,1555,653,1032,443,1340,22453,14628,7220,13128,18593,9949,5125,3860,875,1576,2844,1209,rosario
145619,1364,1045,7335,1761,2912,246,891,1249,1233,2880,789,807,895,202,82,1002,13305,1732,13136,42856,9305,5150,19129,2778,3192,8204,2139,peres
145193,929,1480,3642,570,17475,1048,773,6447,5899,13181,3710,393,3330,2494,609,19776,19644,1919,10012,18055,2445,1502,1885,462,1265,3829,2419,damasceno
144963,1154,2211,5591,935,12721,925,1255,16413,5481,11735,5974,1929,2626,253,546,9944,13505,1427,11354,19719,5477,1754,1173,830,1331,5452,3248,vale
144064,1892,3231,14317,1189,15936,983,825,10950,4563,20719,654,852,1317,511,1341,2772,16953,1956,15330,14786,2627,1054,1449,841,1366,3590,2060,barroso
142234,1453,236,381,83,1581,120,673,679,377,1372,601,812,1626,1017,389,2753,35019,3422,9442,46067,11382,3611,1992,3478,3700,8602,1366,teodoro
141914,704,464,1968,254,1382,58,358,1178,483,11349,4703,7694,11039,3435,577,3481,11534,3755,17262,35682,7267,6264,3726,1436,1388,3352,1121,bernardo
140137,1000,1007,6144,452,19645,2231,1384,4494,2721,2481,1190,981,7620,2832,1091,11088,15434,2077,8131,20110,4073,1999,6426,1784,2075,9248,2419,leao
139730,736,61,1198,183,4570,496,164,250,47,150,53,73,594,69,84,1480,7181,379,2167,49219,23661,10771,25106,3444,4626,2444,524,pedroso
138268,1179,507,4795,287,4641,254,1032,2866,1835,5494,2711,3616,5370,3942,2973,15019,20880,1457,10496,26671,4585,3300,1579,1717,2041,6914,2107,gonzaga
136005,1227,421,6434,290,7136,1404,302,2246,572,4858,1769,986,4840,2910,6213,20594,3888,1191,6742,38794,9549,4379,2852,2722,1350,1276,1060,goes
133978,730,219,652,274,1832,82,664,2405,1674,2186,1390,2825,5477,1082,557,4469,19043,1865,14316,40237,8299,6016,7230,1468,2007,5385,1594,luis
133456,1197,328,1295,788,2295,160,515,1939,1459,4565,2227,1978,6027,1441,679,2899,20702,2319,11828,38717,9948,5181,2921,1576,2778,5599,2095,eduardo
131677,768,347,2311,223,2435,165,329,1994,395,3907,3693,9850,31340,15560,1198,6386,2952,862,10750,21567,3869,3099,851,985,1206,2088,2547,lins
130223,1169,571,2016,249,4981,650,513,3130,1972,3815,2400,2328,4973,1543,894,6765,39432,3317,13370,19864,4322,2238,838,677,1362,5062,1772,gracas
129905,699,331,1706,516,3537,286,186,2776,89,280,815,1065,1827,941,157,571,3708,748,3571,13330,30504,23840,30713,2345,3650,1044,670,padilha
128884,1042,396,2041,334,5055,652,878,5020,2136,4618,1627,3062,7298,5000,4502,18191,9837,2305,9811,23856,5378,2616,3913,1702,1627,4097,1890,santoa
128605,1253,787,3628,1124,1700,157,273,724,297,528,423,377,448,531,255,5483,7775,1278,8146,16753,5137,9909,47935,7493,2354,2737,1100,flores
128000,814,174,714,158,2294,135,284,1336,1157,4002,2466,2462,7773,1911,731,3956,23392,1892,17242,33480,5932,2875,2958,1104,2012,4836,1910,lucia
127688,1013,497,2795,316,3442,218,416,1659,1549,7827,2360,4570,6630,2157,1090,7360,17028,3260,11842,25985,7067,2766,4631,1036,1597,6350,2227,braz
127404,1902,924,3289,762,6335,336,1445,7153,3510,6517,1277,2580,4853,2516,1847,7942,12711,2831,7869,23164,4882,3660,5438,2227,3296,6367,1771,viera
127076,1184,521,1546,275,3016,219,439,2197,1293,5033,2583,2123,7846,2682,927,4872,26709,2397,9168,30342,6368,2942,1692,1612,2279,5160,1651,vitor
126793,1462,219,1912,131,1334,388,695,772,1396,4128,1385,2377,1877,844,597,3220,22378,2544,10423,39099,8914,7044,3752,2256,1925,4622,1099,custodio
126456,1263,298,7194,384,9322,1231,1067,13065,2596,12563,636,779,2132,182,1750,7094,21781,1557,6902,13940,2311,3357,1634,695,1269,7624,3830,rabelo
124136,950,1146,2633,319,1482,138,489,1444,954,10351,5774,10511,8887,6730,744,2891,14001,3679,11238,27240,3721,1507,446,1098,1427,3137,1199,firmino
123974,1232,608,1442,197,1375,80,299,995,980,8346,7293,16356,13262,4131,676,3814,8443,1969,10440,26926,5654,1907,420,1233,1573,2897,1426,galdino
123973,710,304,1643,390,4788,155,1404,9119,9965,1933,699,2276,5204,826,420,5711,26072,1353,10136,19618,5830,3364,2685,727,1418,4653,2570,veloso
123022,698,51,279,52,3632,128,392,1040,323,598,116,187,3923,1025,746,27660,8711,3270,10593,43065,4975,1970,684,2184,2167,2883,1670,novaes
122913,675,112,656,129,1128,83,283,1683,489,1085,700,659,3175,518,499,2084,12360,1276,17110,48970,9290,6417,5053,1599,2253,3056,1571,regina
121861,1081,731,2918,434,4335,624,551,2044,1109,11463,1519,3434,4504,291,939,6248,10539,2927,16397,19301,10849,4002,7603,1150,1214,3441,2213,vidal
121693,650,55,597,318,975,512,265,848,268,1319,783,1603,1975,219,234,4858,7757,13157,54469,16890,2878,1713,5053,553,910,1431,1403,rangel
120936,780,1885,3401,391,7083,369,2483,9211,1995,13843,3051,4144,6798,1753,180,5546,6379,2335,8971,12773,5342,2599,11194,865,1332,3746,2487,bandeira
120844,811,202,871,264,1777,89,1487,1731,1604,2711,167,564,2832,1952,3883,36341,5640,1921,6936,27702,10740,1596,502,1260,1904,3274,2083,bonfim
120451,819,78,1725,237,7327,1611,377,2091,134,274,117,103,150,61,118,2941,5808,867,6235,60536,12462,1527,3555,6607,2237,1700,754,sanches
118708,919,894,3517,560,5739,284,1701,9861,7060,11249,1943,2775,4846,1591,7916,10584,7135,1079,6387,15744,2037,1356,3805,1263,1664,4293,2506,meneses
118248,1078,336,1068,129,1212,39,389,591,469,4783,3514,3666,4870,2012,526,2912,19216,3159,9570,33476,7568,8351,1815,1707,1360,3520,912,marcelino
117884,931,204,4639,192,6606,658,384,928,6899,2000,308,628,5818,1228,851,5661,5470,1391,15417,32004,7530,5236,1868,3753,2820,2690,1770,paes
117138,808,320,1299,302,1545,63,540,793,837,3274,2536,3082,3575,1586,713,2864,19074,2773,10876,29954,6650,7805,3498,2189,1894,6908,1380,elias
116934,1138,87,140,54,625,17,678,183,79,153,64,28,114,32,,517,17023,680,1284,30849,17857,5671,9487,5727,7987,15411,1036,lemes
116217,984,503,972,418,1718,71,1249,1613,2146,2968,1323,1707,3260,4688,4364,10167,15218,2129,6268,34398,7220,790,989,1774,2073,5567,1640,messias
114218,1315,73,1989,213,4467,451,906,5403,141,3562,1874,708,505,130,167,5229,30256,4665,13694,21553,3440,691,989,1285,1813,6770,1929,pimenta
113790,894,81,223,92,608,66,328,111,70,105,74,349,457,1271,108,444,17811,1796,9632,53973,7345,2078,6538,1881,1794,4365,1296,toledo
111084,976,355,2432,342,5169,560,834,4016,1772,3630,1435,2188,5639,2588,1749,11830,10105,2226,9456,22129,5633,3140,4307,1605,1836,3472,1660,doa
110796,847,1199,2077,414,1647,55,369,1705,1273,8273,3619,4736,6263,2726,496,2224,16544,3325,10863,25764,4984,3012,860,1324,1596,3123,1478,sabino
110641,618,799,2326,334,8176,779,555,5470,3498,11244,531,2326,4667,892,10046,19921,2879,1196,7243,15497,1849,1205,607,1176,1264,2672,2871,aragao
110443,656,442,1590,558,3171,89,1200,4607,803,7797,7792,20733,17737,2176,400,2474,2927,300,5948,16816,1949,685,2146,811,749,2863,3024,lucena
110361,1085,767,3070,687,6507,1076,806,4898,2148,3357,2175,3836,4691,881,907,17570,11216,1968,8955,15237,2925,2987,2896,1886,3331,2746,1753,figueredo
109496,654,260,1337,275,2715,104,1163,3870,628,5604,1021,2011,2943,1044,262,3826,13051,1970,13178,29490,7622,3651,3925,2058,1822,3493,1519,jorge
108878,413,138,313,57,1126,60,469,1013,566,275,699,251,5509,3101,352,2658,33391,1596,7535,25039,3180,887,1697,2815,3708,10245,1785,vilela
107684,756,399,1699,243,1517,66,445,1208,848,6369,1660,2387,5339,1636,530,3293,12208,1898,10437,27631,7695,6926,4332,1522,1632,3643,1365,ricardo
107631,473,192,782,57,816,62,155,311,56,415,142,115,658,117,261,3473,7271,4682,27990,22465,8346,6382,17053,1888,1616,875,978,mattos
107565,329,470,2811,290,2305,89,547,3393,2582,1314,3342,2080,3298,2386,11899,9129,9205,2004,16218,20619,2737,1460,2525,684,1801,2667,1381,fontes
107288,722,288,1320,219,1649,111,617,1348,1018,8316,3121,4551,7320,3115,1167,3138,13169,1608,9208,23394,5419,5878,2098,1677,1763,3714,1340,leandro
106536,867,265,2135,56,6300,338,286,1522,149,306,98,455,1625,813,318,3728,8019,1164,12971,19242,13847,9489,15335,1689,1331,3091,1097,veiga
106231,983,312,1411,277,6392,298,4756,6520,4986,4290,1156,642,2363,457,1308,17273,12423,1855,2544,14719,2206,1297,1105,1344,2613,8940,3761,neres
106017,1061,543,1638,343,2727,151,1823,3167,426,3610,2463,8499,3658,3390,792,2432,16365,2042,9534,26526,4705,1043,1349,1371,1874,2430,2055,ramalho
105065,1738,1347,11911,1128,8343,933,669,3190,1432,7387,1309,1956,3542,671,606,5703,4652,1331,10614,12484,4168,3663,10241,1030,950,2256,1811,brasil
104457,918,148,1329,268,1569,61,303,1108,941,2676,836,2364,4453,2645,1145,6204,15075,3432,13839,24672,4482,5351,3545,1182,2165,2363,1383,ventura
104396,713,804,3579,1458,7497,461,490,5616,3461,8867,344,840,1336,337,334,13401,9937,790,12161,14292,2058,2606,3347,1417,4793,1576,1881,pinho
103072,560,294,434,217,871,41,200,268,49,3749,145,175,579,378,958,1365,14296,1255,6985,13061,6404,7731,36417,1872,1374,2416,978,avila
102976,1566,445,3028,258,3852,2006,381,9345,1989,6275,2418,2515,3331,362,190,2550,11412,10791,13667,15142,2268,715,805,1374,2092,3067,1132,penha
101508,1150,627,4324,248,9077,392,214,7022,1312,1386,974,2950,1068,461,396,7299,16058,3841,9813,12445,2499,2148,6600,1036,1031,5495,1642,meireles
101433,1112,392,2174,94,2239,37,484,640,822,5601,2095,3797,3096,1206,653,2380,15447,2917,9593,27811,6088,3491,1091,1234,1486,4314,1139,venancio
100869,855,445,635,309,1175,65,380,974,714,3870,2246,3635,2685,1924,444,1979,17950,2497,8204,28251,6250,4108,1812,1419,1816,5130,1097,camilo
100688,752,251,725,186,1722,122,394,1782,826,1991,1216,1624,6258,1248,551,2777,13726,1201,8085,32652,7524,3609,2995,1408,2233,3679,1151,fernando
99757,474,290,1935,617,1494,198,364,932,1267,3861,1328,1899,7047,1039,407,7620,13043,1942,9332,23983,5414,1939,5879,907,1213,3466,1867,guerra
99637,1374,1274,2988,403,5402,1153,384,1464,1202,20887,3840,1788,3142,3507,585,7283,7633,2307,6349,14870,1769,962,3700,740,1160,1591,1880,nobre
99621,906,798,1856,272,2704,103,2024,6820,2596,3813,132,287,1863,155,192,28425,4260,387,1812,17434,2010,472,556,1372,3299,10721,4352,dourado
98878,1256,140,11000,367,69591,10665,88,569,48,135,62,34,113,,27,94,286,64,935,1031,444,741,175,99,195,437,270,pantoja
98860,931,244,876,270,1854,154,278,1361,980,2423,1635,1370,6197,1115,539,2577,16250,1135,9380,26187,7221,3690,2553,1191,2147,4604,1698,eduarda
98160,383,71,959,62,1341,23,518,323,278,1048,348,430,792,446,130,2152,26473,1527,6898,26508,4967,3791,6973,1335,1268,7273,1843,bernardes
98042,521,,445,98,789,23,562,2218,235,309,444,1648,5885,371,105,1833,4843,410,3993,12027,7496,17046,29067,858,1266,4438,1099,borba
96348,723,737,3151,410,21696,1891,578,4970,4206,6132,2328,4055,6679,1340,455,2953,5797,344,4581,13402,1481,721,150,831,1001,3519,2217,socorro
94759,764,111,648,39,843,16,196,111,59,400,899,2672,1609,396,281,20698,12404,1813,3864,23142,11380,3074,3047,1361,2089,1695,1148,meira
94649,900,555,2538,1176,1691,80,546,4607,963,5260,961,2187,2310,611,258,7105,4237,961,7764,33042,6161,1693,1809,2161,1886,1978,1209,moreno
94346,149,38,409,39,386,47,98,269,316,1124,3367,8354,38249,2263,448,2106,2318,651,8695,17955,2260,835,646,682,545,685,1412,cavalcanti
93450,434,54,297,16,367,,315,188,22,413,73,69,465,79,39,595,17762,11660,25833,6712,1950,3797,14895,909,1070,4188,1240,barcelos
93445,1389,117,2010,137,7135,289,1346,4877,238,1049,350,297,2133,257,92,3760,17370,2664,12844,16436,2498,1903,4752,1179,2647,3846,1830,botelho
93166,928,147,348,432,368,,98,137,95,557,179,101,300,109,41,354,13571,387,2583,20576,27318,6579,7427,2235,5850,1611,829,lara
93139,355,451,1113,119,11152,1006,677,3995,1595,1355,270,610,3670,779,1788,11540,6239,2021,14609,14918,3484,1209,2363,1367,3508,2045,901,espirito
93037,491,88,417,84,1234,68,158,739,603,2082,832,926,3803,610,289,1437,22134,1371,10647,29200,3635,2755,2637,797,1218,3494,1288,helena
92372,706,45,118,22,1486,29,426,1192,367,744,102,290,1083,931,600,40323,9298,1726,2510,19879,2463,935,494,876,1440,2985,1302,novais
91719,787,215,461,155,1084,31,1075,1783,2515,1390,1590,2127,9031,1113,1137,10512,15087,1515,6059,16553,2536,891,746,1239,2657,7603,1827,francisca
91226,718,362,1855,442,3064,265,499,601,668,1067,615,912,1450,840,157,3060,19045,2064,10217,23178,5552,1549,3279,2447,1391,4534,1395,afonso
91190,534,321,2350,326,1648,63,892,4163,1265,3611,131,132,993,475,400,23772,9475,1857,6003,15200,2646,1391,4229,2299,1338,3901,1775,rios
90807,954,690,1188,146,1501,188,385,926,296,2532,1490,1992,8145,1496,1234,5357,5147,3121,12071,23086,6009,1767,5129,1596,1543,1786,1032,barboza
90437,479,136,175,46,590,20,467,741,96,1249,434,175,2001,104,3214,8109,10849,6975,10410,9679,2033,4673,23405,564,1099,1970,744,fraga
90141,684,229,1657,359,1951,311,584,1278,824,4980,3684,2469,7534,2476,1089,2090,10307,2242,7791,21926,5512,2162,1676,1332,1730,2249,1015,guilherme
89396,1040,1385,3848,543,8546,511,1991,8500,6342,8331,1571,809,1645,212,292,6486,9784,614,3499,11775,1336,527,172,869,2025,4269,2474,nonato
88860,858,194,1425,154,985,80,386,1486,856,6165,5007,6102,5833,2396,609,2326,10504,1401,7007,21450,3938,2268,1143,1875,1061,2620,731,faustino
88773,765,173,811,199,1303,116,1122,1077,1061,6239,1222,2926,4226,2270,1180,5217,13115,1903,5821,20750,4384,2530,1365,1739,1723,4200,1336,lino
88712,580,718,3532,378,8165,303,1155,11908,6582,2440,4082,3251,6886,2157,263,8203,2636,429,6974,9224,1235,539,670,417,995,2751,2239,rego
88019,679,65,1409,70,6971,950,229,342,341,1208,1513,1661,18849,19391,1186,1554,2056,303,4166,18008,2310,492,203,1257,1220,937,649,tenorio
87760,380,78,3918,185,11237,1348,399,10429,1439,2366,1278,1872,2955,754,817,9533,5531,758,9877,9704,3768,1262,2012,561,943,2479,1877,caldas
87447,571,423,2205,218,1525,58,1112,1675,2776,5302,5919,6516,8258,2773,556,4858,9796,1102,6184,16182,2364,942,252,831,1014,2755,1280,avelino
86738,711,254,794,160,979,51,286,968,689,5158,2853,2913,6721,2431,382,2206,11021,1737,6456,23609,5588,2634,1579,1092,1288,3202,976,silvestre
86675,779,142,2156,185,11143,781,713,2819,412,6068,684,526,1740,977,522,10682,6019,1059,8622,13886,2952,1660,1142,1036,1079,6672,2219,lobo
86483,606,250,1024,583,1756,55,366,834,787,6072,2431,3816,5599,1941,512,2341,9630,1441,7261,22616,4778,2498,4026,1152,1192,2027,889,amaro
86346,1565,746,1771,702,4333,400,800,2193,628,2404,1557,1314,3554,1450,1037,4813,8533,2261,6955,18335,6231,2951,3670,1798,2212,2953,1180,alvez
85339,632,359,1097,879,2261,102,239,905,494,4481,2464,3592,5111,1551,434,2210,11000,1929,9353,19324,4730,4317,2472,888,1062,2460,993,andre
85179,578,241,618,136,1219,105,251,1000,812,1742,1239,1045,5239,940,453,2594,19854,1341,8599,19128,4344,2975,2013,989,1630,4695,1399,luiza
85155,412,71,592,31,619,55,128,258,67,221,215,400,722,195,160,2014,6516,3260,22890,19389,5346,5577,11888,1132,1075,920,1002,motta
84032,540,244,926,145,3208,513,752,1827,2310,1776,464,653,1985,809,1131,9988,12087,1692,4906,15499,5449,2087,3800,1214,1842,6515,1670,deus
83471,308,24,90,,435,,174,774,,73,48,48,80,101,53,284,14880,1163,9431,10645,3911,12783,22729,897,915,2822,773,goulart
83466,532,118,847,149,2403,223,355,1721,647,1499,497,944,2357,1789,1697,10824,7457,1514,6331,24069,4429,2406,4631,933,1527,2667,900,santis
83042,793,227,1925,457,1792,93,454,1566,1137,4043,1117,1423,3831,1063,638,3307,13446,1681,6220,19373,4944,4528,1997,1177,1653,3174,983,marcos
83014,508,222,1299,403,1528,293,254,1094,750,2879,834,1020,3488,612,571,3425,9985,1757,11607,24868,4061,2434,3064,958,1096,2697,1307,alberto
82816,759,932,1918,392,2522,97,400,1364,1819,7968,1640,4840,6938,1873,270,2584,7880,2637,7042,18035,2808,1644,829,1212,1120,2282,1011,rufino
82670,886,399,2191,761,1254,46,329,1758,507,4152,1943,2519,3008,1710,264,1794,12083,1794,5490,21637,5671,3980,2117,956,1865,2798,758,simao
82200,748,1100,2794,266,2826,279,540,3145,5348,29494,3324,2521,7554,3369,187,709,785,360,2791,8777,723,375,272,443,458,1328,1684,holanda
81206,321,180,1760,238,7658,964,166,29719,331,1236,145,176,545,188,330,6788,2870,1050,6574,11623,1518,669,819,947,1116,2097,1178,serra
81121,408,337,529,78,4032,610,1096,2524,129,778,135,172,666,94,117,4728,13453,1627,8430,17195,2883,1561,14331,730,1196,2326,956,jardim
81047,598,39,106,24,457,,350,92,,68,42,116,1292,599,52,237,7084,469,1260,34304,12458,3635,6078,1858,2049,6951,810,godoi
80897,908,92,3857,289,34270,7920,202,7193,795,500,727,77,201,44,50,1209,5228,1089,3638,6069,1207,876,1480,336,618,981,1041,lobato
80557,594,723,2259,440,1063,85,168,1019,438,3156,1399,2798,2747,848,542,3682,10181,1223,6263,23724,5111,3040,3801,1384,1113,2016,740,roque
80334,523,165,716,137,1744,363,373,2133,209,2306,484,4836,5745,1544,780,2445,8887,1155,8438,21868,5957,708,1390,732,1409,4350,937,gouveia
80230,590,248,1100,223,1911,185,205,1476,1292,1957,2889,1687,9891,1844,617,2124,10122,525,6656,18484,4550,2056,2850,1084,1533,2653,1478,beatriz
80184,509,594,1951,420,3503,250,276,4938,5776,8346,202,647,2669,386,610,7582,3394,1182,6500,9231,6322,2149,6430,925,1220,1776,2396,portela
79791,708,149,883,83,1213,140,265,1349,1183,1446,1065,2140,3235,1483,506,3572,13588,2011,8395,22434,4846,2647,1757,990,994,2121,588,raimundo
79788,489,279,937,152,2797,303,465,9496,185,2542,13081,1404,2985,226,147,5290,5183,1162,9615,11484,2081,1179,3321,593,870,1848,1674,camara
78641,341,31,552,87,1411,55,242,521,757,125,79,352,174,36,23,644,22910,6259,13571,18269,2458,644,1477,1947,1485,3142,1049,alvarenga
78413,553,157,643,174,1581,182,259,1323,780,1280,1502,933,6120,1154,631,2367,13160,784,7692,20898,4982,1931,1040,1015,1841,3639,1792,vinicius
78243,740,210,1250,195,2624,217,729,1757,1129,2947,596,780,1837,370,321,2995,10542,1485,5559,20285,4170,2489,5718,1154,1850,4875,1419,ridrigues
78071,665,234,952,389,916,24,264,571,309,5692,3913,5581,5164,2106,266,1050,9620,1248,6585,19687,3483,2335,791,1349,1220,2845,812,justino
77465,499,132,848,72,774,26,377,544,429,4284,1778,4234,5170,1482,813,3660,7998,3466,5942,18364,3478,6034,1665,859,1062,2698,777,serafim
76083,720,265,802,159,1834,168,303,1498,1090,2864,1575,1344,5133,1057,466,3080,11061,1728,7782,18456,4021,1935,1260,814,1725,3570,1373,clara
75949,633,298,1505,315,2388,62,572,4447,1683,11984,3143,4468,969,175,463,1535,6898,1656,8836,5819,3178,4165,5019,464,802,2832,1640,linhares
75914,508,380,665,157,2252,136,349,2767,1029,2257,1498,1843,4201,1321,588,2819,19694,843,7030,15070,2609,817,925,534,1091,3621,910,dores
75246,508,122,489,135,1049,101,238,1344,667,887,1033,879,4769,753,268,1135,12476,445,4022,27410,6852,1837,1109,1112,2085,2643,878,fernanda
75153,625,66,2968,135,2261,218,269,130,38,306,258,87,583,57,39,634,5761,1155,9505,27129,8726,3656,3224,2133,1787,2799,604,castilho
74587,724,127,814,410,1381,89,163,901,656,3059,2340,2208,5676,1231,394,1445,11600,709,4501,20080,5981,2926,1850,1040,1337,2096,849,rafael
74533,881,672,3832,362,1852,61,495,2457,1171,6221,775,2457,6737,1696,286,7207,3218,4507,7677,8953,1809,1130,5065,1191,940,1369,1512,falcao
74527,244,29,778,138,2755,422,428,476,113,1771,2787,8126,4219,1032,523,4563,12870,1469,6429,11734,1614,1107,4558,745,794,2894,1909,souto
74388,417,163,2553,492,2556,129,585,2439,2975,1006,989,693,2633,674,122,9965,12866,901,5754,13724,1856,578,392,872,2113,5291,1650,mata
73860,468,466,2228,318,2114,171,400,3333,3520,3735,204,402,1885,607,84,1999,3205,542,8372,17689,5451,7541,4824,626,1047,1295,1334,branco
73837,504,654,5981,265,1903,109,360,2910,824,6105,912,3607,7601,1972,157,1336,13127,930,6070,10283,1244,436,269,779,1473,2602,1424,pedrosa
73636,207,47,350,77,1642,140,142,1046,448,1303,895,891,2317,734,404,3686,16820,1262,6986,23539,3366,1685,1734,549,726,1790,850,cassia
73162,553,393,1029,302,1256,94,272,919,843,3181,1288,1753,3157,893,342,1454,10767,1760,5286,19449,5669,3878,2996,1177,1240,2449,762,daniel
72862,792,706,882,405,1588,89,274,892,627,4784,1440,1788,2670,668,1097,2046,12113,1504,5126,16937,5214,4322,1439,929,1336,2330,864,mateus
72581,372,25,76,43,239,,145,38,26,80,71,52,1042,263,45,208,4488,444,2190,39464,8106,2546,5958,2277,1311,2414,649,godoy
72405,563,206,317,131,663,61,369,545,324,3213,677,3217,12680,953,152,1104,11218,931,5249,16276,3223,3132,838,1115,1226,3323,699,severino
72255,484,91,719,160,992,112,100,331,222,908,122,149,786,146,651,1692,17760,1328,15633,19280,2805,1148,2479,614,778,1919,846,esteves
71651,326,365,1626,946,3747,221,958,12209,10731,13736,1405,1871,4365,361,78,743,836,109,3723,5593,520,534,281,284,504,2300,3279,veras
71642,1055,427,2352,346,3963,251,1032,2340,1006,3582,1348,1675,3681,739,546,6103,7453,1545,4967,11295,2738,1741,2624,1059,2034,4459,1281,chavier
70817,299,25,518,40,375,25,81,142,43,141,58,44,179,44,48,456,1434,993,2384,6624,8920,14659,30760,700,1026,451,348,muller
69895,422,42,151,39,443,,222,137,86,818,420,514,566,287,22,556,17764,1263,4277,24109,7490,2972,654,1063,1327,3697,545,silverio
69482,1130,566,541,171,1715,132,731,2430,1669,4133,699,205,1217,634,593,8842,8747,1638,4017,15367,2930,1851,1894,583,1863,3770,1414,damaceno
69436,381,115,1768,193,730,35,212,540,999,921,807,2057,10111,1744,229,3594,5709,911,4598,19720,3172,5177,952,897,1452,2022,390,manoel
69385,470,22,199,246,589,69,97,31,28,68,49,71,515,103,34,2818,4314,275,2802,11028,24400,5191,10725,2618,1136,721,766,ribas
68621,276,324,1128,181,975,102,243,712,684,3171,4662,21452,3608,282,138,1273,1783,214,6770,13840,1426,470,502,405,505,1338,2157,nobrega
68356,965,429,1678,279,2906,290,1283,2210,865,3281,1898,1993,1510,592,194,4010,9905,1417,5454,12109,2857,2066,2063,1385,1685,3907,1125,fernades
68240,698,38,1519,105,2787,239,544,191,84,90,65,312,211,204,358,3753,20841,2725,5692,15477,2851,1163,2441,824,1103,2794,1131,caldeira
68115,592,165,1587,248,5817,436,5179,8320,865,3702,1434,2207,955,119,65,1039,2516,815,2423,7994,2674,1446,9698,485,1379,4110,1845,aires
67557,413,97,658,793,2659,276,512,2680,1206,1706,645,2224,12405,1289,3426,5025,3175,585,6250,15743,1629,580,333,557,695,1171,825,sobral
67215,547,91,525,110,416,,186,302,190,1942,2386,3317,5961,1336,187,1705,8907,1403,7016,18589,3136,3266,829,918,805,2309,829,feliciano
67135,420,231,861,150,1233,94,204,1079,740,3864,2602,2552,5161,1117,570,1609,9296,1426,7206,15283,2927,1466,936,913,1082,2815,1298,victor
66710,1058,835,1860,412,4165,309,832,3153,1161,2148,500,1122,2817,1392,186,4806,6317,1704,4251,12854,3163,2190,1299,1506,2594,2948,1128,amorin
66495,189,125,1137,48,574,32,514,108,54,105,113,340,1197,49,22,305,17463,523,5017,19195,3376,604,140,2181,1566,10455,1063,arantes
65192,590,123,876,417,767,38,168,1151,437,3094,1111,1269,1819,1142,567,1728,10224,1522,6879,18868,3919,2159,1296,1399,1346,1775,508,gregorio
65008,576,106,781,406,493,141,251,878,650,3917,2758,3788,1529,422,113,1540,11211,1556,4789,14894,3641,3991,1787,812,920,2206,852,tomaz
64722,394,176,518,121,879,68,170,902,275,2267,900,1395,1849,985,184,1608,7831,1255,5454,27482,4134,580,463,732,2291,1409,400,benedito
64589,797,189,1617,249,3915,404,781,4110,583,396,60,90,964,319,63,1935,15032,2266,5952,10362,2349,842,3970,1368,1578,2930,1468,coimbra
64299,497,122,619,79,861,31,271,606,539,3541,2064,3375,4037,3383,819,2140,10004,1279,6060,15325,2970,619,488,1178,1147,1644,601,balbino
64201,444,71,2837,223,611,83,257,333,299,1064,640,1248,2623,838,356,2543,6283,2881,5365,17233,4846,5508,4054,907,1288,910,456,salvador
64193,1084,1977,754,186,2993,204,1101,3187,1777,6542,1146,861,2326,718,435,6265,5747,1510,1514,10168,3189,1627,1805,878,1973,3681,545,nacimento
63969,618,433,7005,173,13261,1906,174,349,410,2339,92,364,357,154,73,1294,4891,482,8005,10158,2885,2029,3065,821,304,1369,958,valente
63390,641,297,766,71,8070,422,393,637,607,1300,634,569,2683,326,941,2927,8241,1338,4867,15705,3453,1063,1049,1199,1224,3192,775,modesto
63342,400,34,145,66,275,15,56,48,30,98,59,75,151,22,34,526,4325,2784,2128,32262,6915,3962,5917,775,989,781,470,rossi
63149,305,110,557,153,823,33,244,901,637,3707,1634,2048,4639,1637,295,1500,9375,1158,6749,16347,2735,1447,807,656,981,2971,700,clemente
63006,429,186,877,101,1456,83,249,922,486,1746,678,670,1263,461,402,4461,7968,1087,5473,19302,3920,1987,3204,763,1400,2808,624,oluveira
62643,366,168,373,159,480,,208,497,477,2975,951,1542,3910,1900,665,2158,2645,959,2755,6847,1889,2104,24814,740,796,1542,717,severo
62161,479,186,757,83,605,22,950,678,818,2158,1592,3747,4961,1639,455,2522,9233,1641,4766,15344,2517,1071,327,978,926,2864,842,quirino
62066,712,130,306,98,1095,72,233,1198,721,1647,1084,1848,4252,1173,651,4318,9420,1090,4139,14584,4485,1943,1948,800,1093,2227,799,lurdes
61830,496,22,87,38,909,,72,218,,56,22,21,157,33,50,10275,12444,2622,1760,15606,2260,1767,9087,1360,1201,703,539,prates
61253,616,174,846,349,593,49,180,486,515,4696,1375,1919,2899,1941,402,2292,7294,2031,6110,16534,3270,1434,1093,1033,1082,1242,798,angelo
61029,851,603,2173,312,4151,508,557,1482,466,3004,904,1239,2388,680,210,4353,6728,1131,3928,13028,2500,975,1380,1199,1859,3287,1133,queiros
60182,604,98,1090,110,7792,137,340,7804,64,108,93,137,266,56,87,10202,3496,1411,10345,7143,1351,1022,2761,389,907,1777,592,sodre
60157,546,201,684,115,3553,690,137,1691,597,2605,1879,3308,6115,2142,166,1957,5000,2011,6628,9885,4132,1087,1039,651,787,1892,659,belo
60006,517,234,4044,800,6590,448,634,759,102,653,376,556,1606,152,141,1694,3034,1170,12883,11609,2303,1335,4942,566,751,1383,724,figueira
59947,354,64,423,123,3649,172,71,1047,492,158,43,43,95,,,1972,2589,339,1314,3513,10957,6886,23282,776,872,390,302,quadros
59767,300,46,179,30,465,29,112,569,637,956,929,1774,2949,785,604,2128,12413,883,4364,18451,3936,1566,2033,590,675,1598,766,lourdes
59619,463,81,1195,20,349,22,133,216,290,1009,486,715,1267,312,178,1001,20546,1299,5496,14952,3424,1775,1412,451,656,1343,528,geraldo
59404,460,31,56,24,174,,141,64,22,96,42,55,218,126,46,692,3529,3731,2489,26653,6710,5125,6348,656,1122,422,365,ferrari
59207,347,198,435,36,562,32,266,534,319,3910,3559,3259,9118,1485,554,2165,4175,905,4122,13472,2739,2440,1235,610,725,1392,613,florencio
58985,202,18,26,,104,,103,26,17,73,36,20,67,32,20,141,15213,56,407,35094,3397,588,105,610,646,1724,248,donizete
58772,508,135,991,53,526,,198,764,298,3143,1349,1817,2423,1586,191,878,7735,1225,4435,15900,3478,4255,1663,567,1010,3174,462,jacinto
58342,494,148,704,133,1113,52,256,1670,672,3567,3767,981,3568,1132,10743,5839,2241,321,1612,9310,3465,1672,1550,694,769,1004,865,gois
58297,310,219,901,121,1602,111,255,1029,785,3924,1077,1594,3241,1686,569,1977,6690,1127,4906,18017,3053,1348,205,544,987,1265,754,romao
58106,458,191,1992,108,2412,77,173,5001,469,2234,362,257,578,84,245,2833,4337,1222,7219,14643,5229,2710,2391,532,861,846,642,gaspar
57959,394,81,414,269,946,53,108,508,360,775,450,524,2232,343,163,1332,11378,670,5498,18748,4242,2289,1200,659,1107,2357,859,carolina
57952,229,119,253,68,722,15,490,609,571,918,66,268,1288,1690,4376,26381,1566,752,2592,7849,3070,582,438,299,755,1065,921,bomfim
57945,585,171,974,129,676,23,302,342,1013,3496,1030,1648,2807,1374,1371,6417,7779,1313,4295,14100,3040,822,512,791,918,1556,461,celestino
57800,472,738,2701,432,3810,185,129,1139,254,6429,1763,610,541,271,72,1920,6026,771,5266,6106,3245,1683,10164,725,833,759,756,saldanha
57403,387,212,2201,102,4266,131,888,1056,1198,4516,1128,617,3584,367,387,2824,6651,430,4597,10168,1485,1374,4724,335,507,2107,1161,noronha
57313,511,144,4021,477,5643,1531,124,273,63,688,68,132,823,85,135,3215,14720,1679,5578,9587,1675,562,1951,376,793,1722,737,pena
56967,493,102,1133,129,997,30,210,581,422,3584,2481,2884,4356,3344,637,2449,7721,815,4879,13198,1573,657,321,887,902,1494,688,vital
56865,504,164,905,53,669,62,258,754,463,3023,1656,2687,3041,1471,390,2511,5696,1521,6980,14032,2645,2092,690,912,883,1940,863,vitorino
56186,411,331,1177,35,633,23,227,610,509,3155,1084,2260,3124,1895,681,2763,7778,1581,4243,14421,3326,1578,263,637,935,1591,915,amancio
55812,1002,23,3295,98,3691,28,89,47,22,58,37,29,64,,,81,470,87,705,9534,14154,5501,15336,411,562,297,169,prestes
55373,486,242,657,152,634,22,382,459,807,4418,1306,2075,3000,1961,493,1880,7755,1678,4719,12721,2646,1890,197,788,769,2577,659,honorato
55056,459,129,631,55,736,24,297,550,281,2330,955,1690,1867,1592,178,1319,13148,1596,4217,14177,3005,1540,517,470,782,1891,620,lucio
54779,514,37,689,111,768,29,205,374,506,2142,2584,2055,2097,1186,278,1155,9894,1656,7763,12700,1649,1030,582,843,747,2432,753,basilio
54660,563,112,2266,127,687,474,250,759,647,2785,852,724,1875,582,546,2880,7356,1429,5924,13668,2635,1220,1133,1072,1451,1966,677,bruno
54605,570,68,1212,62,2558,28,162,3044,101,418,185,606,3236,2103,182,6559,8990,1754,5411,9382,1612,494,1638,397,1389,1537,907,gusmao
54471,338,173,1503,457,368,43,154,240,189,1859,1574,4273,2403,1034,73,820,9323,771,6580,11894,2532,3001,979,589,841,1835,625,fidelis
54337,480,348,843,228,781,90,179,912,269,3913,1084,6317,10984,1647,209,2428,2590,281,4713,10679,1115,428,866,849,681,700,723,luna
54041,152,332,216,86,4221,609,106,162,63,231,75,67,796,198,1522,26090,3753,1810,4717,5738,527,407,591,143,205,758,466,sacramento
53925,476,120,635,142,1427,148,142,751,480,676,879,631,2401,641,377,1168,8693,427,3002,17183,5613,2253,970,700,1334,1888,768,caroline
53676,250,177,706,35,673,,79,284,228,2547,239,80,972,4147,1183,6302,5131,1175,14065,6608,1230,2297,3095,174,373,844,770,lessa
53634,610,125,1960,205,777,37,214,449,370,2097,1151,2126,2029,604,121,729,7385,1135,5508,12376,3283,5701,1502,531,720,1519,370,albino
53549,552,125,591,136,1323,97,345,1129,566,1492,833,896,3036,780,411,2170,6623,659,3047,16220,4164,2072,1381,760,1391,2009,741,rodrigo
53226,571,101,772,112,895,39,193,478,615,1229,488,938,2048,1316,285,1497,7137,1346,4757,16116,4807,1600,2010,1294,886,1124,572,valerio
52999,262,56,106,,595,24,159,1582,205,1286,586,124,4539,1810,4329,19837,890,1844,4648,6724,721,313,312,301,586,798,349,hora
52654,336,81,948,331,359,17,236,345,544,759,854,1969,4585,1325,594,3592,4281,456,5152,13420,2182,4149,1769,988,797,2096,489,joaquim
52545,487,214,1045,188,2215,147,375,1539,619,1929,756,866,2859,846,266,3252,5162,714,4821,13001,2270,1594,2615,614,1250,2171,730,sulva
52542,475,173,468,76,1341,110,140,654,368,1900,780,1020,2003,465,222,1922,8728,1175,5488,15301,3479,1442,922,571,932,1713,674,sergio
52184,610,316,2053,2000,720,80,144,332,281,520,250,288,456,93,73,769,2876,513,4890,20664,4026,1946,4049,1535,1020,1062,618,perez
51994,110,53,76,18,151,27,30,52,78,68,64,83,335,70,150,853,2343,2434,16249,18290,3082,1775,4098,413,200,364,528,baptista
51813,385,216,1803,111,453,,116,441,312,2916,2877,2367,2606,1301,193,1206,8881,1300,4723,12669,2268,1514,243,527,470,1413,496,januario
51750,191,247,1832,117,4733,367,599,7560,5922,3261,3985,930,5058,219,52,1316,1742,267,3140,4056,451,396,1401,250,366,1918,1374,campelo
51451,303,547,962,134,2889,901,124,1056,3196,8927,1793,1306,7337,617,553,2185,1602,783,3329,7887,883,464,1434,217,403,656,963,monte
51165,481,230,1313,165,1603,109,211,808,530,2280,831,1056,2491,1152,481,3038,7231,1378,5322,11793,2303,947,1389,510,772,2136,605,bras
51008,376,105,2600,62,1233,52,330,534,838,2570,951,1183,2106,938,733,5965,9473,1099,3678,8872,1980,417,290,977,1018,2049,579,arcanjo
50979,488,54,1236,58,511,29,248,223,184,2561,1075,1120,1583,519,132,1575,9540,1021,3447,13650,3401,4041,1134,539,616,1515,479,luciano
50928,242,65,762,89,8590,442,162,555,158,353,402,438,1362,531,1476,8487,3597,1267,3808,8889,2459,1432,2333,865,694,950,520,santa
50726,257,208,681,77,402,22,273,353,553,4509,2059,1811,2686,877,319,1080,6486,898,4682,13563,2443,1695,1652,393,674,1538,535,germano
50602,257,55,673,106,612,80,87,484,87,300,169,240,566,149,136,1689,5050,2689,11143,15079,3264,1466,2779,885,790,883,884,salles
50523,461,203,658,67,577,41,188,538,360,2319,2191,2949,1806,1422,142,1537,7858,1168,4475,14433,2046,695,570,508,974,1719,618,cassiano
50453,454,892,740,32,1746,401,128,266,684,2011,743,768,2415,568,564,10797,4472,661,2666,11446,2236,969,1297,614,640,1346,897,neri
50428,187,37,81,28,87,,21,15,26,288,64,86,163,71,57,179,3132,227,2094,27355,11243,1805,673,980,927,347,254,marcondes
50244,438,97,979,314,1159,47,483,1597,343,5705,1699,3444,2380,369,221,1552,5743,1150,3949,8185,1604,5428,985,356,555,1019,443,patricio
49611,200,33,1608,44,1809,100,38,271,166,101,33,30,118,72,221,5995,4227,833,3760,6793,2286,6771,12087,639,382,661,333,bitencourt
49437,367,123,381,107,649,73,161,875,660,1643,941,894,3894,630,219,1528,7894,617,4647,12883,2820,1527,734,575,1274,2550,771,julia
49038,183,31,35,,86,,61,42,34,88,23,54,57,24,24,187,1919,96,1839,38554,3183,498,249,586,450,498,222,leme
48966,493,105,208,53,455,24,345,306,229,811,567,486,1738,260,160,1790,14696,1121,3015,8529,1974,404,425,957,1436,7542,837,candida
48809,457,317,369,223,399,36,240,487,280,3442,991,2267,1438,1337,419,2231,7745,993,4864,12234,3597,692,422,662,447,1671,549,calixto
48713,501,402,1924,96,2280,712,134,575,1240,996,308,737,1892,372,651,10425,4843,1078,3849,8471,1176,525,1369,583,621,1527,1426,nery
48675,414,60,341,45,547,32,114,2680,22,88,57,30,299,68,146,9534,9195,291,2798,14384,3708,395,328,461,745,1141,752,boas
48631,666,113,1522,531,583,166,203,534,370,2991,1365,1959,1643,467,114,1202,7249,1306,4838,10607,2822,2054,1557,544,821,1759,645,tomas
48615,449,686,3300,266,14306,1086,349,3559,709,796,416,515,826,368,366,2734,5106,314,3362,4664,905,676,203,208,471,1358,617,nazare
48347,111,20,177,,273,,101,149,34,135,46,60,925,49,58,793,4044,1327,23982,7041,3451,860,2665,241,332,1067,396,marins
48091,337,263,240,36,584,477,105,181,70,1141,862,1688,1786,803,213,1464,7072,1280,5451,13802,3105,3248,1160,489,805,1148,281,fortunato
47969,367,,201,15,1211,102,48,46,65,283,15,26,54,,19,76,349,60,897,8038,8727,5505,18246,2564,742,181,109,cavalheiro
47886,282,115,565,90,1314,86,372,5511,1026,2374,62,35,303,57,36,720,8653,2016,6742,6871,1538,2487,4621,200,311,795,704,madeira
47724,278,729,2195,387,3709,327,362,5019,859,9222,788,997,3060,211,60,2178,1418,580,5119,5891,639,386,895,133,463,773,1046,leitao
47701,302,17,29,17,73,,49,,,15,41,,68,,25,170,4964,1993,7960,2462,2113,2033,22947,1338,603,151,273,brum
47555,156,27,1937,110,3045,154,187,2217,50,564,96,120,1214,123,254,1797,8265,722,6829,12083,1320,630,1616,262,553,2283,941,salgado
47398,458,106,347,69,552,45,227,252,204,580,338,716,1222,362,179,2301,6092,1185,4495,11163,4396,1824,5986,970,1244,1480,605,cezar
47014,312,80,469,67,471,,283,545,589,2907,694,2530,950,476,292,638,6887,1775,4085,11987,2879,3237,1361,731,561,1748,456,delfino
46804,386,48,355,66,304,,226,142,801,2652,779,1858,2599,1450,204,1138,6860,785,3934,13717,3258,823,459,707,637,2126,489,honorio
46795,468,237,989,432,965,24,103,387,201,4452,686,1532,1859,404,119,1100,5796,877,3343,11191,3137,2652,1655,430,706,2497,553,tome
46407,611,143,505,196,835,49,314,496,260,2735,1156,2020,3477,1626,428,1231,4443,1119,3800,10633,3164,1448,1214,763,1127,2019,595,lorenco
46173,322,191,529,136,797,167,192,1345,427,764,349,346,913,470,484,2691,2605,1743,5834,9232,3793,3429,5612,1115,790,1117,780,cardozo
46107,320,115,3305,623,9093,1129,97,1548,191,767,1058,3932,795,1725,177,1828,2487,2545,3449,4024,844,1222,3311,259,177,475,611,sarmento
45936,127,120,1544,90,3595,582,48,533,219,1195,103,419,773,693,218,1270,2326,6382,8681,8105,1782,921,3593,1413,409,299,496,loureiro
45829,357,90,146,33,368,53,95,274,347,1235,1171,3583,3836,1354,87,573,4138,1191,4255,11203,3184,3894,1481,453,600,1370,458,claudino
44563,257,95,2406,237,2654,655,381,17310,1277,549,426,1022,2687,334,59,351,1494,109,3626,4511,698,277,402,209,495,1234,808,frazao
44512,632,99,830,952,642,74,45,354,265,384,73,48,299,32,44,1906,6685,1706,3541,9538,2829,1126,5596,5347,802,370,293,medina
44396,222,147,921,100,562,31,108,318,259,920,486,1238,3686,1206,224,1066,7354,639,3286,12149,2826,2482,856,752,924,1396,238,sebastiao
44351,314,210,2186,73,1880,149,2557,742,195,382,264,413,837,176,296,4819,6739,1426,7955,6755,1043,815,872,283,948,1393,629,gloria
44114,607,721,2604,238,5839,1141,964,2606,790,4988,682,1282,2682,599,494,3276,3853,857,2125,2805,426,635,399,263,583,1777,878,marciel
44056,372,376,282,30,1191,,175,233,145,1256,296,505,714,43,143,1748,10694,1270,3702,10226,3160,1001,700,990,937,3023,831,marcal
44015,318,141,675,42,549,22,66,768,414,2497,1660,1418,2161,1156,400,1257,5129,1109,5304,12324,2743,965,689,512,499,689,508,valentim
43984,238,143,581,56,1160,57,279,1040,437,1399,680,900,3087,1091,168,2275,4754,572,3941,11653,2228,1128,2293,467,1038,1822,497,silvs
43790,378,416,1166,197,1555,133,348,507,227,5472,2848,345,222,77,44,2398,6511,758,4535,6786,889,435,547,176,740,4973,1107,bessa
43723,402,116,610,293,818,67,91,745,401,1539,676,529,2260,719,348,1066,6643,697,2994,12672,3446,1659,1037,552,1027,1587,729,gustavo
43421,418,945,2213,379,3968,760,1037,4707,1991,5467,98,86,138,41,49,492,5705,322,4025,5369,582,255,380,432,551,1566,1445,mourao
43283,107,86,744,25,1179,85,887,1103,922,912,141,207,563,344,290,17680,3506,432,2773,6879,796,247,578,572,335,1004,886,mascarenhas
43232,247,44,1372,88,708,125,351,199,171,1580,1460,1493,2238,1055,490,2264,6525,825,5376,9671,2174,1974,472,473,429,972,456,mauricio
43106,553,208,691,72,571,277,178,291,408,3098,487,529,511,201,154,950,7504,1371,3590,12469,2281,2373,1304,600,540,1562,333,felicio
42759,270,183,799,44,635,70,95,1187,3687,389,84,45,153,299,314,406,4310,331,3769,7917,2913,3050,9162,359,1091,609,588,fortes
42372,635,128,245,89,315,,180,248,236,1842,767,1709,2542,1225,235,981,7069,1136,3322,11335,2556,1719,1195,554,522,1299,280,apolinario
42135,313,249,453,335,1494,112,123,908,426,3651,1363,1155,2806,1051,268,1795,5805,417,2907,8335,1979,1496,1087,416,886,1750,555,davi
42003,732,92,516,331,139,,26,36,,82,53,17,68,,16,100,342,73,831,10303,6013,3488,10305,6381,1593,253,197,ortiz
41990,241,59,932,1107,622,117,180,879,516,2729,3129,8546,5329,694,53,622,1090,207,4267,5901,685,887,1156,304,401,708,629,trajano
41977,339,103,388,138,624,40,94,260,248,1018,827,619,2245,739,396,802,4304,665,5508,13382,3239,1587,1041,742,840,1192,597,matheus
41923,997,609,1912,251,2930,292,581,2389,523,2062,825,1101,2334,563,400,2774,3723,813,2992,5615,1803,638,999,922,1563,1789,523,freita
41877,264,99,493,128,752,59,313,199,207,1315,1064,1099,1280,420,332,1358,7329,882,4444,11455,3103,918,720,635,488,1910,611,bonifacio
41700,166,172,153,41,1438,199,290,1015,119,153,90,147,3066,386,67,352,2018,393,3310,5088,1480,7954,5624,4736,582,1995,666,espindola
41188,215,67,360,247,1065,191,120,584,227,2085,616,887,1210,340,125,1538,4794,810,3953,11717,2564,2001,1801,367,1065,1691,548,david
41006,179,,29,,136,,70,60,,64,15,29,97,19,18,106,457,207,795,2121,5846,10709,18618,323,771,188,109,becker
40968,211,175,466,63,529,16,258,420,404,2727,1209,2095,3017,1227,329,973,4904,828,4774,9442,1595,761,1023,598,508,1824,592,verissimo
40811,433,49,298,25,332,,96,357,,58,42,34,308,56,119,9177,8674,257,1929,11687,3285,308,281,493,742,1102,651,vilas
40799,260,37,1129,1888,248,22,28,96,57,115,70,99,155,24,35,915,1145,185,2019,17766,3745,1588,3255,4535,660,380,343,martinez
40782,245,104,240,100,606,18,196,886,314,1843,1021,1038,2754,573,163,1054,5784,662,5807,9875,2270,1462,1032,456,490,1275,514,leonardo
40467,212,55,553,290,3719,110,133,200,71,680,485,648,2497,550,133,1753,6597,880,3738,10575,2827,447,384,575,506,1374,475,aleixo
40349,276,15,55,27,675,24,142,54,,60,52,25,88,16,25,599,8467,1276,9112,7801,2085,796,5841,612,514,1321,377,terra
40242,106,35,406,52,811,31,87,323,132,529,283,175,1207,279,98,1625,2677,486,4036,17442,3099,2367,1983,430,313,946,284,jr
40107,459,39,565,42,528,,455,723,559,1122,749,717,1088,936,299,2009,6288,823,3343,12810,2185,1031,311,404,684,1392,532,maximo
40085,345,60,316,30,400,23,113,416,378,1815,674,1049,1411,896,125,708,7765,779,3745,12188,2054,1040,704,654,516,1470,411,eugenio
39953,188,141,396,,271,31,68,252,203,4064,1608,2210,2794,810,127,773,3908,831,4044,10367,2544,1815,530,379,428,735,424,bernardino
39536,486,292,576,432,398,19,166,315,395,3043,885,1468,2776,476,263,1028,6790,1522,4110,7649,1449,1675,524,570,575,1262,392,estevao
39535,182,25,178,,2381,157,81,1192,141,243,188,407,338,32,57,2210,13942,1010,4309,6224,1882,265,249,400,356,2290,786,avelar
39496,74,,308,60,3450,519,73,8595,82,110,239,1402,1149,185,33,369,3633,351,3246,3953,445,523,7615,1039,742,651,637,viegas
39291,357,201,414,94,670,56,174,415,256,1980,828,1223,1593,671,167,751,6631,1344,5051,10026,1701,815,394,435,769,1730,545,cesario
38902,188,56,306,223,447,27,157,267,872,2640,974,1630,2299,786,87,1032,4477,1593,3608,10183,1568,2316,886,352,299,1115,514,cipriano
38754,304,83,1097,123,2432,48,157,5538,1171,132,254,84,533,42,63,7807,2402,191,1928,5759,1882,1094,2609,202,433,1452,934,lago
38671,167,39,1665,24,5034,978,85,1394,246,210,327,1301,1637,1938,129,4035,3593,1430,2414,5156,869,1310,1008,495,495,1994,698,ataide
38387,184,36,486,83,10153,1900,66,1469,1708,977,263,1048,779,195,29,1640,5461,927,2801,4483,515,454,1699,133,235,314,349,quaresma
38328,200,109,208,163,486,54,188,522,776,2165,325,1097,1999,2189,164,643,3284,1155,4592,8915,2307,3954,756,438,538,674,427,laurindo
38287,309,56,395,37,496,23,209,437,350,2574,598,455,1554,378,133,561,6912,763,2812,8309,2819,4580,1010,317,637,1155,408,adriano
38178,259,78,448,153,701,65,89,531,254,510,272,441,2570,482,298,1163,5883,1245,5735,9604,2298,797,1003,509,688,1604,498,victoria
38103,336,297,338,79,841,46,197,1209,1000,1008,617,507,2517,366,142,1411,7637,569,2367,8788,1570,716,707,529,1055,2674,580,antonia
38067,74,20,310,,788,65,56,280,247,240,88,37,208,174,367,3305,2733,644,5474,4855,2423,5859,8093,410,184,518,603,bittencourt
38047,323,95,583,159,1064,179,102,504,321,773,585,839,1403,731,183,2768,7139,480,3690,8540,2562,621,791,945,746,1413,508,malaquias
37976,395,48,1302,353,1018,40,104,884,87,108,577,621,1325,345,84,782,3511,359,4250,11118,2916,869,2545,1840,1635,415,445,delgado
37557,219,393,272,35,552,50,128,329,205,2782,505,406,1452,522,83,651,3486,1051,2380,14308,2574,1656,1301,410,548,893,366,rogerio
37495,162,49,255,195,5715,184,220,2992,292,487,501,698,5881,1373,674,4178,1528,231,3261,4563,1037,1454,198,209,242,552,364,prazeres
37468,391,275,1573,1557,1246,164,188,705,264,806,509,344,1298,405,122,1783,2732,579,3249,8973,2483,1475,2384,1331,721,1109,802,lopez
37395,249,69,1041,76,1111,42,464,1190,290,1653,1534,4542,3866,2364,884,2517,1541,276,2265,6894,873,325,391,957,605,961,415,macena
37257,206,26,247,57,205,,86,111,123,621,248,648,1114,690,81,726,3902,641,2375,11573,3402,5413,2476,795,581,703,193,floriano
36978,118,34,187,34,904,55,198,1334,482,193,117,160,830,184,871,17540,2901,262,1559,4438,835,293,830,640,869,767,343,anunciacao
36965,372,173,646,129,1245,121,238,824,562,1526,807,643,1701,374,261,2827,4251,625,3187,8193,1887,1102,1261,651,831,1855,673,dw
36908,452,128,617,166,764,60,213,1010,794,1527,1096,1075,2380,671,260,1018,10195,558,1950,4753,2363,904,411,399,712,1771,661,emanuel
36877,282,987,2292,328,2380,1030,271,3214,3408,6506,151,268,909,266,73,1032,1521,1147,2710,3616,479,394,500,866,333,937,977,castelo
36867,234,69,1055,1252,587,19,74,98,90,467,133,362,712,264,69,555,1523,239,2350,12349,3210,1225,3756,4441,756,596,382,romero
36727,362,133,545,195,302,36,58,215,255,1549,1627,2502,2704,1016,154,653,3539,687,3530,10620,2387,1677,370,328,459,541,283,marcolino
36569,178,48,587,57,2089,209,219,1393,1281,1656,211,628,561,162,40,1617,8890,558,3254,5452,1001,379,2853,1169,827,710,540,fialho
36553,98,99,74,,196,,185,52,16,128,56,209,96,15,57,2410,9059,330,3369,13097,1063,316,1599,663,440,2351,571,junqueira
36439,389,454,451,69,538,47,123,371,200,3049,1603,2586,2716,1090,260,625,4187,460,2957,8797,1752,1094,385,527,497,891,321,geronimo
36234,159,39,414,64,261,,236,263,135,663,708,2792,3930,1407,117,1158,3551,1060,3154,9462,1628,1520,487,802,637,1169,413,florentino
36163,519,37,341,85,556,921,278,862,169,193,894,124,196,134,582,3297,4535,892,6967,4830,1814,581,3486,353,543,1859,1115,cortes
36157,433,135,1728,557,315,18,56,41,,75,59,55,115,25,28,183,853,101,1381,20865,3973,759,1205,2150,636,225,175,ruiz
36134,211,41,918,192,325,18,92,308,931,602,241,955,5235,648,68,1482,2765,458,2011,8497,1761,5151,1078,423,714,775,234,joao
36022,192,178,281,72,1155,260,160,1616,480,1296,118,95,1665,5229,511,936,1513,467,2067,10325,2108,832,1224,727,629,1546,340,ferro
35845,220,49,5762,61,3178,131,111,255,259,149,349,414,536,333,314,3379,3549,462,5051,5854,1607,364,1711,255,305,521,666,seixas
35768,305,87,1140,132,9713,1211,111,819,150,725,611,529,1002,135,265,1631,4966,799,3589,4297,779,433,351,263,379,768,578,magno
35589,226,18,38,,126,,154,331,75,66,63,46,86,43,,60,1902,76,576,811,1115,1778,25159,852,389,1344,236,dorneles
35508,92,,424,,293,,129,219,22,217,33,57,2325,187,72,2977,4458,269,1079,16243,806,214,114,623,949,3263,427,cintra
35345,186,,,,134,,31,31,,78,18,19,26,,15,213,1279,45,2242,17589,7715,1248,2341,711,1173,134,80,proenca
35114,223,151,493,118,1182,62,249,945,453,1218,661,711,2263,622,184,1836,3687,498,3271,9141,1528,870,1435,476,984,1488,365,sikva
34920,147,111,452,103,965,103,18,126,51,1088,8116,529,731,34,61,380,1040,227,2056,3256,2319,8223,3369,419,289,321,386,varela
34812,385,193,696,200,1692,124,180,1641,766,1634,1136,930,4988,1532,475,1670,3372,233,1669,5032,1388,765,410,341,1072,1728,560,sofia
34779,235,,52,,113,15,44,41,,15,20,25,79,,22,131,463,1590,594,1689,4422,8001,15985,288,594,141,192,schneider
34714,327,183,1599,47,2071,235,67,1749,308,658,148,212,876,1102,1039,1261,2548,837,4763,8299,1846,1292,1460,499,353,576,359,graca
34611,387,73,1212,103,1077,35,227,416,268,2110,1891,2495,2254,269,145,4681,1613,580,2626,4909,803,2622,672,296,619,1491,737,regis
34429,271,51,499,48,387,27,139,497,370,650,463,490,1275,313,460,3114,5863,569,2951,8058,1765,1929,1484,296,553,1512,395,rita
34305,205,53,338,80,1278,127,657,431,397,780,501,728,1228,623,225,1164,3387,610,2546,10575,2571,2654,909,411,617,833,377,americo
34229,384,197,340,80,754,23,116,804,386,2523,1209,1964,1991,1164,223,1326,2792,393,4363,5175,1054,2573,2114,475,519,874,413,flor
34139,179,38,379,21,351,54,94,144,66,272,55,75,350,117,120,1207,1660,988,7239,7558,2894,2622,5731,287,407,806,425,telles
33888,300,109,780,85,1429,66,201,908,389,1274,588,523,955,316,234,2223,4376,607,3130,8243,1748,921,1403,403,682,1529,466,olveira
33800,412,260,834,193,2168,274,782,1158,1250,4209,771,2012,2477,254,199,2300,2464,325,1980,4707,1010,293,158,395,754,1467,694,benicio
33767,282,19,55,77,3092,505,1893,1026,172,107,19,148,476,58,395,1260,11153,1641,3499,2879,309,197,387,285,755,1934,1144,valadares
33590,310,80,325,128,754,61,119,421,357,745,915,568,3438,599,180,729,6258,251,1587,8076,2254,1079,667,422,848,1837,582,gabriela
33577,121,24,9259,227,15374,1716,29,3137,20,72,20,122,67,,,208,168,118,781,1179,152,213,151,35,89,122,154,serrao
33576,252,24,424,94,306,,297,260,477,1140,1592,1507,2205,915,255,991,4722,594,3062,9030,1920,686,411,562,428,1071,337,dionisio
33468,222,,508,16,1225,19,222,397,88,84,22,17,50,,30,540,7875,464,3532,7687,1900,2510,3713,201,311,1338,487,godinho
33431,476,586,2525,431,2382,612,308,1300,2199,11817,210,474,1355,409,98,467,416,217,1190,3597,389,194,155,205,181,644,594,uchoa
33425,202,18,325,49,355,,24,25,,51,20,17,38,,18,141,971,61,547,17224,5293,1440,5225,645,371,197,141,munhoz
33398,,,23,20,368,,120,32367,16,,,,,,,,51,,24,25,,27,,,77,123,139,guajajara
33323,252,43,861,1419,302,187,81,91,41,73,78,75,96,29,39,776,1935,1273,1600,15686,2820,1820,1925,558,513,361,389,del
33139,353,,386,17,240,41,62,,,32,,,,17,,1667,406,28,614,14980,5510,2808,3893,436,460,816,314,fogaca
33089,401,449,469,437,1025,120,40,478,86,287,195,73,321,113,68,3824,6479,1424,2492,8668,1803,428,567,899,625,764,554,salomao
33011,566,18,1374,432,1182,53,203,168,228,149,81,124,258,24,49,1391,4698,451,3448,10353,1998,962,2661,903,509,487,241,gil
32938,228,,393,30,257,,47,125,163,1905,535,1133,618,595,483,642,5253,715,3918,9666,2128,1496,1024,278,376,665,246,nicolau
32792,241,161,4506,237,350,,60,119,64,380,64,73,154,308,57,265,1364,197,939,5968,1790,884,7122,6431,685,177,182,ramires
32779,259,96,531,379,503,146,96,683,437,3722,1743,2099,3184,1699,211,1073,2581,642,2767,6529,912,470,230,354,348,691,394,simplicio
32676,165,24,213,18,596,41,128,403,627,671,132,358,939,190,213,438,9698,614,2220,8875,1749,241,427,404,533,2010,749,padua
32656,61,,28,35,63,,65,51,,37,31,22,29,,26,400,401,101,690,1235,4310,7978,15699,275,733,209,156,weber
32503,42,42,169,42,300,21,29,102,63,279,81,79,179,137,74,727,2330,1068,13483,6580,1090,772,3526,347,149,203,589,vianna
32491,144,76,183,452,318,,45,865,142,984,886,893,1360,567,153,998,2557,901,4360,9332,2607,2182,493,457,549,765,218,constantino
32478,156,71,4043,284,3923,261,84,137,28,1594,163,52,121,51,65,1710,595,151,2055,8694,2132,1168,2747,684,408,675,426,guerreiro
32432,127,,102,,215,,347,185,,154,257,22,94,,,903,1679,815,2385,1688,2747,1467,17349,729,473,337,292,fontoura
32431,510,180,618,77,665,48,83,457,226,1327,888,899,1677,846,276,971,2943,708,3325,8654,2899,1061,917,488,743,651,294,valentin
32393,218,49,830,661,280,,78,390,172,1442,670,410,549,515,52,642,5940,1284,3075,10153,1866,897,686,261,429,551,279,ambrosio
32320,415,110,484,100,1701,197,113,386,93,335,194,338,723,197,109,1146,3520,936,3184,8784,3155,1274,2027,931,558,974,336,goncalvez
32266,96,18,867,277,960,,128,235,70,80,84,141,132,27,131,4874,2169,313,1665,12192,2912,993,2350,413,422,368,340,palma
32230,551,344,581,80,1461,104,184,779,298,1366,732,411,998,320,147,2165,3135,572,1953,6979,2270,1066,2216,765,874,1605,274,olivera
32172,246,31,2267,564,1867,223,43,3457,23,59,902,45,546,147,40,913,4326,156,1673,4550,2133,6535,218,186,315,314,393,mafra
32117,187,136,336,445,286,,118,277,962,2134,1523,6282,3229,662,164,932,2576,262,2515,6210,841,252,53,366,263,802,296,clementino
31729,179,72,409,67,278,25,57,185,115,3314,646,1187,1401,469,89,496,4194,654,2494,9104,2401,1959,690,278,342,435,189,agostinho
31703,256,207,419,219,763,146,522,1443,1175,7978,394,1934,2291,508,36,680,2041,121,3014,2745,283,208,305,80,358,2464,1113,camelo
31566,227,85,807,55,467,30,96,270,187,1665,460,361,1271,539,148,923,5107,1041,5620,7578,1257,910,527,216,522,826,371,claudio
31544,604,344,886,40,2406,111,472,1059,436,1997,375,303,493,169,201,3773,4482,766,1391,4240,1949,818,1025,303,738,1835,328,morreira
31360,230,63,295,228,479,37,127,414,176,946,287,298,1159,288,158,1387,4102,281,3459,9286,2489,1887,782,358,759,1000,385,marcelo
31335,348,99,479,117,931,83,90,824,479,728,812,562,3189,809,329,916,5827,175,1163,6387,2271,730,546,349,938,1656,498,gabriele
31231,340,185,503,188,702,15,71,599,230,2472,758,471,873,99,100,1304,4119,632,3138,8305,1806,717,1523,436,460,860,325,diogo
31212,316,150,467,107,1539,162,450,676,441,1789,343,815,874,559,421,4166,4419,673,2130,4761,942,255,242,436,734,2361,984,alcantra
31210,492,245,1059,164,1755,120,338,1484,564,1747,1272,1345,1329,459,211,1449,2604,618,2692,4950,1447,758,753,509,889,1320,637,medeiro
31207,223,64,244,49,407,16,66,184,61,696,350,316,682,332,199,573,1441,1015,5112,11065,2509,1762,2038,477,376,699,251,mathias
31030,174,36,333,27,607,21,273,1213,197,255,196,76,160,113,620,7204,5641,384,1481,4715,921,228,156,314,687,4603,395,divino
30979,247,1853,1925,174,1348,386,38,429,364,10849,2036,3299,2137,57,43,419,194,73,1581,2089,134,115,55,37,94,381,622,gadelha
30923,228,135,290,163,487,20,76,232,448,1151,812,1683,1600,591,251,618,4599,502,2558,8615,1794,1558,418,270,404,1071,349,evaristo
30906,160,88,774,97,946,80,542,2185,2668,2606,2433,1645,1945,503,873,4037,2377,252,710,2827,305,208,181,218,455,1221,570,neta
30724,157,50,215,37,371,23,119,540,279,1198,396,504,815,213,154,611,4370,533,4207,7756,2117,1555,1733,336,494,1325,616,aurelio
30635,401,46,1046,46,498,15,57,201,115,197,114,683,2191,374,71,1907,2362,831,4621,9549,2024,921,564,341,311,680,469,jordao
30455,196,19,49,31,81,,78,36,19,,18,25,24,,20,94,546,671,316,4809,5041,6546,10419,311,700,251,133,dal
30265,597,1245,2851,198,1726,132,87,1417,1336,11027,195,55,246,33,50,1068,876,121,1406,2338,345,235,623,142,215,655,1046,frota
30213,402,205,666,135,609,16,157,403,152,2397,1163,2209,3089,995,157,1170,2953,1143,2968,5200,649,673,294,388,486,1303,231,bernado
30170,314,29,3483,51,707,15,93,561,134,3443,309,3743,1079,233,46,443,1189,252,920,6400,1597,507,3213,347,197,330,535,rolim
30162,341,17,437,21,266,,54,94,81,184,58,153,1393,2003,140,2854,6655,925,2580,7008,905,260,1462,437,346,1094,394,malta
30133,160,16,511,177,16897,2789,77,439,34,574,92,115,475,106,,156,2388,438,1214,1714,603,313,55,65,209,362,144,baia
30070,222,95,794,47,411,33,157,646,365,1374,799,1256,1966,646,270,926,4471,728,2567,7979,1496,387,180,345,516,1076,318,olimpio
30053,218,46,638,181,313,18,77,318,272,559,274,656,3041,544,140,1142,3421,439,2490,9460,1618,1340,556,416,493,1096,287,manuel
29921,531,66,11476,271,14249,523,45,52,16,176,76,15,28,69,,53,211,,703,407,112,233,106,57,142,143,143,bentes
29900,187,120,746,73,515,17,63,514,409,2339,563,1756,701,423,120,1464,4090,419,2757,7073,1235,1522,253,456,321,1317,447,crispim
29892,347,204,455,119,569,60,177,614,571,1760,758,1388,1305,692,421,1530,3495,777,2561,6406,1864,451,479,576,592,1314,407,calisto
29779,251,133,441,88,915,91,221,1026,449,1434,625,715,2774,950,155,1773,2940,407,2600,6540,1063,641,1033,371,536,1213,394,silca
29694,220,23,595,240,439,,30,26,,159,131,348,237,123,93,975,2301,204,2338,14512,3103,625,1008,670,388,635,258,navarro
29691,209,56,227,56,455,33,64,295,227,871,1274,905,4528,658,241,930,4717,606,2794,5914,1330,773,233,289,512,1128,366,carla
29621,49,,312,44,933,30,23,139,31,138,211,2284,746,52,90,248,7929,831,7124,4671,744,373,1707,131,96,186,495,henriques
29558,328,239,495,165,657,24,118,1035,929,9391,149,187,1485,65,51,156,866,277,3584,3125,459,169,521,2609,346,688,1440,ximenes
29531,148,175,327,65,663,56,1972,1536,8483,1870,240,1049,1426,84,67,1405,588,117,889,2940,994,154,68,52,224,1886,2053,lustosa
29531,571,550,3950,280,2247,261,1979,1047,723,6953,80,140,1689,23,30,506,515,156,1548,2988,379,329,172,124,671,776,844,parente
29434,147,45,333,77,717,20,73,559,598,1761,3929,2001,2551,322,197,2014,1794,1741,3634,4375,383,231,332,264,347,572,417,cosme
29407,159,20,641,49,986,42,287,383,76,640,247,1530,1333,2487,456,4597,1645,423,2935,6209,932,351,993,380,335,808,463,palmeira
29381,62,,15,,69,,17,31,,21,37,55,85,26,15,688,985,2031,15130,1984,898,948,5097,70,112,691,290,azeredo
29286,189,48,211,74,626,55,120,748,549,1253,1053,824,3396,699,294,1121,5378,273,1614,5735,1109,699,545,255,521,1370,527,cecilia
29269,228,74,1674,2834,578,44,80,357,139,462,251,331,720,246,143,1132,1718,255,3005,6861,1969,1737,2429,681,353,538,430,rodriguez
29143,129,38,65,18,45,,,,,23,,15,27,,,42,126,35,697,3137,1875,898,5319,15428,1012,98,69,benites
29094,286,84,306,84,861,60,489,1047,762,2185,451,804,1650,497,319,2036,3608,498,1963,5611,975,511,517,434,582,1708,766,alvea
29032,258,30,231,34,1091,39,328,812,945,1192,335,606,969,212,223,3359,3414,336,1361,7493,1991,473,446,483,602,1331,438,primo
29003,171,,36,,311,,56,819,31,30,,16,35,34,26,11426,3081,242,444,9694,878,118,21,681,240,328,268,caires
28963,230,26,290,37,351,30,164,181,138,678,150,504,1059,187,38,460,5607,610,1690,9528,2248,840,434,1135,695,1379,274,leonel
28865,239,,74,19,191,65,103,190,72,400,251,1111,1002,525,416,2529,3836,704,2430,9280,2072,768,977,321,542,511,226,donato
28792,323,218,410,55,763,112,74,837,301,1614,990,999,1471,395,121,1740,4425,391,3017,6749,1060,431,553,330,470,649,294,damiao
28660,240,26,61,191,99,,25,39,,71,37,17,38,,,81,817,529,1006,16203,3565,402,1105,2918,672,377,118,gimenes
28640,148,106,791,37,399,90,632,453,22,923,257,1539,2956,1101,34,565,847,688,3453,5125,3173,1826,2164,211,278,351,471,fragoso
28452,95,144,660,994,496,25,49,139,62,152,157,101,185,23,43,587,3076,608,6393,6744,2421,1778,1826,378,268,558,490,valle
28389,186,38,210,31,264,26,67,146,196,704,155,72,210,52,46,339,7094,843,2556,6673,3835,1595,1029,490,490,707,335,mara
28388,292,191,710,181,1311,113,263,1013,419,937,518,556,1626,468,176,1634,3154,477,2358,5655,1324,663,1456,401,833,1379,280,siva
28328,262,28,413,50,232,,52,168,184,776,231,365,987,353,55,447,6303,680,2933,8737,1731,963,491,598,332,702,246,julio
28202,264,26,160,18,186,,69,195,158,704,145,163,240,101,70,345,7031,625,2078,10000,1591,1066,390,293,527,1514,231,marciano
28201,92,74,405,254,416,,39,181,265,2160,1649,3643,3847,1794,91,580,694,258,2190,4902,903,2264,295,169,402,344,283,laurentino
27861,196,77,232,69,650,42,79,474,516,1311,655,634,2715,394,176,878,4502,303,2664,6443,1378,763,494,259,453,1085,419,alice
27805,237,,454,27,430,22,104,241,206,864,291,740,516,581,118,989,6503,747,2649,6876,2306,609,454,366,494,746,235,procopio
27599,226,24,395,32,785,163,94,220,118,213,183,210,194,95,52,636,3270,511,2097,13013,2221,555,746,208,338,768,232,romano
27497,199,113,330,95,551,75,84,675,194,216,216,181,704,288,70,376,4337,229,4128,7174,2543,1294,388,266,564,1569,638,cristine
27456,271,47,265,37,604,58,209,404,277,756,190,390,786,204,136,1241,3370,670,3109,6548,2372,1158,1590,581,502,1086,595,golcalves
27347,901,658,477,197,1460,205,193,131,83,422,366,383,1687,303,162,1845,3435,1007,2507,4037,1806,545,316,854,1611,1578,178,solza
27335,144,52,557,678,711,73,67,253,138,397,388,444,618,175,87,1390,1481,337,3013,9373,1615,1075,2073,965,333,505,393,fernandez
27327,145,15,139,90,2795,70,110,164,30,69,24,119,442,40,520,4791,1672,742,2861,7361,1318,251,446,245,309,2227,332,pina
27324,196,186,264,73,286,37,82,175,85,2610,1860,1875,2021,467,60,471,3035,534,2697,6761,783,811,350,327,224,723,331,jeronimo
27310,236,77,466,46,809,114,152,416,485,2652,905,1100,1371,2351,477,880,3129,280,2560,5194,937,499,321,298,326,766,463,canuto
27216,165,451,472,58,800,39,81,1428,7563,12296,49,39,64,,18,75,120,32,702,843,69,46,31,,61,553,1145,fontenele
27169,100,29,226,20,4227,346,151,634,377,142,89,478,767,44,199,8720,4533,290,1369,3001,424,168,39,80,107,379,230,merces
27111,84,19,620,95,4570,679,89,467,48,201,80,111,550,146,144,6678,4146,542,2942,2643,664,367,107,125,122,559,313,bahia
27082,411,271,944,99,986,120,116,156,59,503,501,310,1190,224,258,3033,3524,590,2703,5710,1185,790,881,524,618,1035,341,souzq
27068,191,24,266,124,721,53,138,1442,1132,6286,170,90,525,30,221,2302,3206,1736,1406,3623,690,126,263,129,383,894,897,loiola
27063,76,23,72,17,418,87,54,114,94,212,113,169,401,85,71,533,6575,435,1766,11731,1116,886,823,218,280,412,282,tadeu
27059,91,121,686,27,415,28,174,160,398,2459,605,400,1238,66,110,4123,1804,2684,2788,4844,637,133,251,966,760,719,372,benevides
27054,185,21,21,,63,,39,,,54,18,,38,,,105,277,985,2325,1957,3042,4204,12585,291,533,128,125,klein
26963,133,28,238,24,612,46,147,461,192,484,171,361,794,702,736,3559,2605,474,1919,7532,1629,810,1407,298,461,904,236,santod
26962,248,89,4879,88,4465,285,835,774,135,1571,116,287,786,232,229,1336,1092,397,1519,2409,1576,499,574,154,895,1033,459,belem
26935,25,,17,,27,,,,20,,21,,41,,16,85,367,780,24287,712,128,61,65,48,20,42,120,pessanha
26793,229,162,479,63,1004,62,591,1068,973,332,177,122,2764,258,275,2138,1592,580,1981,5834,1088,659,1373,747,637,1144,461,vila
26775,162,55,666,51,451,23,91,194,181,2379,675,916,2232,1286,263,362,2494,355,1459,7432,2020,728,406,401,412,759,322,porfirio
26739,386,95,149,85,304,,74,331,155,2305,193,605,831,240,82,594,5070,687,2757,7050,1339,1214,491,746,352,405,192,anastacio
26617,645,27,1398,291,282,62,379,962,543,604,2871,165,278,239,62,267,1614,188,1714,8987,1442,393,1077,431,647,644,405,cortez
26471,197,108,434,31,403,47,108,331,292,2566,727,905,1625,528,258,1274,3676,1370,2062,5616,1113,879,244,247,339,730,361,liberato
26422,236,159,622,104,1038,67,298,806,516,1561,564,635,1373,261,410,2613,2695,456,2159,5161,1083,674,643,301,483,1008,496,se
26395,173,31,202,44,1195,187,314,347,232,1041,225,169,753,142,345,1381,3146,413,1293,10732,877,435,456,451,475,999,337,silvia
26308,421,144,1628,120,2088,257,281,1748,408,1012,213,293,809,264,172,3854,1392,565,2601,3657,672,353,559,214,773,1498,312,basto
26228,227,,25,,94,,35,20,19,16,23,18,42,19,,163,497,784,933,2759,3517,6532,9610,172,473,107,127,schmidt
26215,313,63,114,23,129,,151,272,124,1100,1080,1680,1238,622,167,990,6817,650,1314,5498,1027,192,158,308,369,1410,398,cassimiro
26193,228,48,1165,36,550,18,107,127,183,691,95,349,807,721,129,677,3616,1210,2445,6739,1603,1745,163,415,516,1522,288,quintino
26140,303,75,157,35,703,50,179,365,237,411,219,417,1035,342,112,1423,5122,700,2177,6156,1311,1527,796,298,464,1169,357,madalena
26100,278,,839,1565,961,156,76,2932,79,133,377,708,1241,398,35,623,3171,815,5770,3878,508,187,97,104,147,388,622,raposo
26074,301,44,172,160,58,,20,23,,54,53,29,68,,29,185,528,306,1441,13666,2716,618,2989,1424,760,201,197,molina
26064,192,37,254,78,698,99,85,393,363,820,962,580,3872,588,155,707,4423,178,1331,5296,1280,868,469,223,684,1060,369,patricia
25994,280,,106,18,187,,25,202,53,239,513,1094,789,333,112,452,5178,1286,2398,5340,1658,3391,1095,214,402,443,171,anacleto
25944,343,294,301,189,2518,206,258,1569,385,506,204,388,1245,628,239,3338,1773,660,2638,3204,896,601,876,314,859,1266,246,conseicao
25765,217,31,66,15,145,,47,22,22,82,33,54,251,35,43,151,3020,159,624,3632,5352,4767,5216,305,717,630,123,terezinha
25740,403,22,850,60,5344,74,57,100,127,109,34,52,936,143,128,1711,2173,1878,1300,2449,4958,583,1287,246,407,234,75,cristo
25707,214,42,115,45,236,,139,338,364,1227,131,622,2542,1349,491,1186,3644,651,1658,6289,1949,386,361,441,372,659,248,timoteo
25689,388,20,2224,83,2341,316,29,160,20,710,36,131,156,68,2041,882,4805,888,3471,4923,464,195,126,161,236,471,344,prata
25563,116,26,20,,45,,28,,,29,25,,51,18,78,4946,1749,276,1153,1916,979,1715,10399,866,459,451,177,paim
25532,165,46,222,80,290,34,62,241,140,483,143,287,547,184,89,915,1316,563,1131,10360,2160,1164,3299,482,514,371,244,martin
25489,201,56,151,43,336,27,72,206,103,503,224,227,591,112,65,360,3974,222,3218,8707,1732,803,647,451,658,1255,545,hugo
25401,247,175,556,126,1291,115,293,747,335,839,433,531,1321,353,229,1472,7698,684,1383,2872,437,231,146,124,404,1802,557,junio
25397,38,44,251,47,826,525,297,48,34,236,170,120,338,36,373,1752,5782,250,3520,5711,1856,331,204,244,381,1316,667,madureira
25380,116,29,74,15,310,,68,127,84,1150,30,74,92,,15,4815,5726,292,2338,4039,1752,532,2343,115,221,510,488,fiuza
25232,267,93,574,84,1121,96,398,1004,425,1662,466,348,803,335,207,1503,4478,728,1823,3546,1228,550,1098,310,492,1138,455,teixera
25209,110,43,816,36,366,,31,101,118,1157,968,1204,1261,577,144,818,2899,332,2352,7190,1180,1399,1021,239,197,400,242,anselmo
25125,370,,7302,364,3221,360,21,348,30,3076,58,36,196,,47,368,2611,202,865,1267,291,658,2870,52,151,149,199,colares
25122,193,135,471,72,1081,82,176,800,412,1183,637,647,2300,877,156,1460,2415,291,2136,5109,826,516,821,323,571,1155,277,silvq
24924,174,32,485,112,613,34,72,606,142,175,439,142,535,70,137,911,3317,215,2146,7853,1323,574,1454,1039,477,1134,713,alvares
24806,178,26,110,95,123,21,29,37,21,85,36,45,172,63,33,383,1880,253,3838,11829,1698,937,989,1214,306,223,182,alonso
24796,129,21,939,34,352,367,232,495,445,773,384,950,1451,536,202,622,1997,325,1580,3326,1294,5224,1376,257,624,577,284,nazario
24778,155,35,137,76,214,25,40,314,388,539,359,371,1419,276,174,1275,5106,337,1907,7083,1254,976,804,248,312,692,262,isabel
24550,213,95,139,35,217,,167,171,103,1865,1102,2855,3753,1246,149,562,1236,403,1934,5331,713,534,417,389,266,427,225,belarmino
24431,155,48,245,50,535,42,93,300,206,526,310,447,1235,473,119,691,5621,323,1879,6112,1548,853,466,427,610,885,232,otavio
24411,87,68,91,49,462,25,169,840,969,5292,815,1287,6411,448,59,434,260,38,926,3900,280,91,48,77,231,438,616,beserra
24277,83,44,146,23,237,,101,197,41,2418,5570,6821,1094,463,38,373,656,175,1717,2583,217,130,31,313,152,351,290,targino
24253,173,510,1200,130,376,,57,166,62,7702,2347,81,125,41,51,5988,377,148,638,2911,272,89,37,58,60,400,248,reboucas
24252,273,25,313,16,766,29,108,814,152,184,28,53,322,32,295,6734,2122,567,5166,3728,877,195,138,233,260,403,419,portugal
24218,69,81,261,143,339,,77,175,191,316,108,45,213,33,304,5616,3824,268,1429,4535,1089,1661,962,184,519,1237,535,boaventura
24203,180,88,717,96,478,57,163,305,105,1077,469,498,1021,263,61,1230,3461,687,2437,6591,1299,561,960,290,353,551,205,pascoal
24160,157,,107,261,512,59,48,293,34,241,134,181,424,160,189,192,3663,395,2055,9386,2046,1056,644,734,297,720,169,tobias
24144,268,53,568,84,392,,57,160,199,885,560,693,1331,801,220,647,3045,225,1865,7242,1902,750,780,367,267,513,256,zacarias
24095,159,,,,19,,,,15,,,,29,,,50,1128,727,535,9181,3130,2589,5467,330,477,61,132,sartori
24084,132,56,396,32,789,59,79,535,181,492,200,275,764,628,404,2803,2054,493,1631,6470,1562,844,1274,348,496,884,203,dantos
24043,148,186,457,240,601,45,43,414,299,778,738,616,1769,416,229,542,3633,307,1967,5281,1248,706,1021,726,488,782,363,samuel
24032,108,,64,36,250,33,138,361,495,232,76,84,167,,42,369,1415,99,1361,11818,2946,526,1300,710,579,567,232,claro
24018,136,99,346,47,584,45,161,491,1519,658,778,222,598,200,144,1876,2348,358,1639,5994,1380,695,1189,375,504,1257,375,fe
23985,210,632,1336,72,343,34,44,732,43,521,90,102,203,48,221,321,1685,723,2211,2622,1063,1861,7599,494,232,342,201,davila
23953,501,108,485,122,805,31,354,530,300,1517,408,743,1447,538,270,1720,2513,715,1053,3484,1432,821,749,389,746,1703,469,caitano
23936,187,119,549,41,843,52,111,453,201,739,471,429,1456,508,62,1025,2073,357,2071,6050,1301,858,1682,372,737,906,283,fa
23903,106,70,32,,123,,44,26,,35,,18,47,17,,444,842,1387,522,5394,3712,3482,6541,232,465,166,146,fontana
23898,287,118,537,299,707,61,101,686,379,896,725,332,2053,587,288,1086,2862,364,1330,4661,1557,872,579,358,831,977,365,valentina
23870,140,833,2779,195,565,156,367,908,2764,2956,916,1748,1072,27,26,715,676,165,1674,2720,284,283,721,55,90,504,531,negreiros
23829,333,294,1664,153,2120,208,214,1075,478,1940,514,856,2616,655,431,1600,1039,260,1467,3317,456,235,299,246,505,588,266,vasconcelo
23821,248,71,447,27,4929,136,136,1940,51,125,255,133,130,161,824,1685,3495,348,1902,4175,920,253,313,71,278,558,210,piedade
23800,147,24,53,,319,,121,134,90,580,671,481,406,49,,139,3985,378,1821,8004,2272,989,745,326,346,1418,287,graciano
23651,81,,135,,190,,67,118,50,100,117,217,373,153,70,510,2792,1197,4184,6006,1368,1481,2560,312,201,940,390,netto
23650,144,,34,,92,25,28,18,,26,20,,,,,108,446,750,156,14098,3725,1895,1194,200,462,132,50,furlan
23616,129,21,479,105,294,,36,100,157,100,64,89,143,25,,280,4278,1041,3466,7173,2045,1885,459,344,306,484,96,adao
23607,234,46,265,25,224,16,65,150,115,592,469,399,1042,238,258,828,6300,450,2393,5749,913,242,174,262,478,1322,358,augusta
23559,107,36,1199,63,765,21,59,50,126,60,21,129,962,97,170,2050,5102,761,4410,4999,664,206,158,184,295,456,409,duque
23492,236,145,515,124,1080,116,277,905,476,1765,611,795,1957,475,136,1307,2496,513,2317,3666,639,286,458,300,372,991,534,gomea
23484,241,124,455,121,993,112,322,932,582,1585,284,455,1003,237,119,1037,2921,456,1650,4374,989,460,981,470,521,1413,647,rodriguea
23473,191,95,831,702,207,,36,81,55,90,52,40,144,47,38,491,773,143,1666,9281,2009,862,2631,2239,359,194,205,gonzales
23416,147,30,471,60,660,133,126,374,101,545,392,155,742,147,130,2494,2142,1064,4092,4483,584,724,1913,367,288,595,457,senna
23268,152,68,563,36,436,32,45,40,17,258,175,154,540,93,102,1838,3255,576,2514,7343,1235,926,862,354,664,829,161,soyza
23244,174,41,215,37,315,25,56,244,129,409,282,328,2374,468,107,470,3936,232,1545,8039,1097,624,398,236,353,869,241,roberta
23227,88,,213,16,144,32,79,646,36,342,1004,5398,232,25,,809,3035,160,3223,4331,602,121,360,159,162,1097,894,abrantes
23192,129,,440,27,1001,,81,2695,281,1211,643,3047,1659,1108,206,631,850,166,1969,4142,691,179,473,212,162,585,578,vilar
23133,219,,,15,122,,41,,,,,,,,,88,860,1915,251,5334,3738,4646,4978,274,349,121,117,casagrande
23071,202,94,407,67,1052,143,392,880,601,1450,258,372,773,285,164,1110,3095,456,1657,4507,954,442,897,497,439,1375,502,rodeigues
23044,320,91,1375,1672,1416,151,167,4148,154,113,46,31,256,153,18,110,1314,532,1301,2763,858,1219,2501,855,415,701,364,salazar
22934,99,16,36,,198,,271,63,,45,34,27,49,25,15,204,6879,513,2679,4403,756,138,314,317,1000,4419,408,parreira
22782,176,,,,49,,28,,,,,,29,,,73,623,185,159,8305,3830,2105,5928,506,435,187,89,basso
22692,112,49,95,49,170,,42,199,150,1730,1772,911,871,293,67,584,3366,425,1600,6888,1015,831,248,179,168,674,193,estevam
22645,116,110,7955,102,1098,19,58,2000,313,670,381,19,277,465,293,217,1567,534,2183,2387,313,213,626,164,97,201,267,batalha
22637,254,147,952,15,272,,211,458,1069,4908,139,1132,2007,217,40,951,1698,648,2352,3159,381,120,299,271,103,358,471,sobreira
22619,119,,18,17,175,,66,109,206,72,59,33,232,87,1015,13201,1638,558,747,2791,267,113,100,121,133,445,289,virgens
22584,158,32,458,184,193,,16,82,,59,18,,51,,,773,8141,828,799,6800,1015,256,838,982,451,188,213,aguilar
22503,211,119,316,49,243,20,40,205,103,1307,1040,1224,1686,255,59,303,1076,113,1764,6137,2970,896,1096,291,330,459,191,fabricio
22465,175,159,144,178,200,26,41,113,89,553,458,674,828,163,115,1579,3145,431,2474,5119,1332,1928,838,257,291,894,261,damasio
22447,68,82,1209,57,315,49,19,49,33,1704,76,46,827,773,28,184,328,115,3014,2161,782,1211,8680,156,208,90,183,feijo
22378,151,24,646,141,212,141,84,541,592,1544,253,468,847,215,260,1108,2598,342,2154,4344,2270,1257,784,241,464,433,264,conrado
22350,54,,2654,58,3514,184,67,365,97,171,475,203,1114,90,143,397,2604,370,3233,3931,231,233,260,149,192,952,605,seabra
22222,42,,720,110,10631,5751,35,150,29,62,16,36,21,17,,73,1344,59,703,1510,248,238,51,57,61,110,134,vilhena
22194,167,205,453,60,615,32,185,653,605,3803,878,2309,2860,815,72,323,455,340,1024,3814,955,128,60,234,267,475,407,cosmo
22192,145,168,1697,51,1082,74,535,792,279,2449,363,694,1068,94,20,214,2224,74,1581,4140,372,148,149,1051,396,1854,478,taveira
22103,142,16,96,59,551,155,212,209,242,936,696,1220,1097,1124,298,714,3704,901,1301,5527,958,245,85,269,378,590,378,cirilo
22067,104,,98,,311,38,106,1256,365,482,91,2862,311,,155,6519,973,296,2058,3037,370,252,218,47,212,1094,795,estrela
22059,414,,474,29,89,,15,20,,31,20,,27,17,,71,12818,513,1105,3257,275,1308,467,72,541,188,268,lana
21998,95,38,220,77,433,,90,797,420,2014,488,857,515,21,252,932,1732,205,1570,3123,1175,2316,3541,169,393,288,228,amarante
21958,131,123,433,26,204,111,52,135,147,1645,931,2677,2376,826,54,465,2304,747,2084,4545,548,225,44,302,218,380,225,herculano
21902,185,233,265,,587,19,219,614,267,2079,324,284,503,121,71,2263,4961,329,2283,3656,670,269,417,260,254,315,445,nepomuceno
21890,117,101,522,63,689,89,175,1157,1198,1559,783,1072,2899,708,665,2536,1298,144,1195,2733,267,176,211,155,298,717,363,filha
21827,143,97,135,40,351,19,93,397,419,511,261,257,1125,252,99,731,4823,261,1994,4729,959,738,885,171,345,1348,644,luisa
21777,62,,23,20,115,,,,,,,,24,,21,77,651,40,182,10874,3404,1721,3575,273,498,99,55,trevisan
21761,305,86,213,87,738,62,231,599,132,471,172,806,1497,407,171,706,1950,448,2108,5842,1718,296,326,356,628,1137,269,golveia
21733,159,468,1393,52,201,82,66,83,55,4480,4910,376,567,38,68,297,2276,175,1884,2330,326,167,159,86,117,326,592,gurgel
21728,203,78,1000,59,1403,90,358,1304,238,369,106,267,467,146,289,1628,3281,488,2573,3330,641,276,582,223,493,1411,425,guimares
21678,281,25,46,36,237,,338,472,860,130,37,243,273,62,34,3426,5719,480,1788,2573,481,157,82,195,226,2020,1448,neiva
21664,228,108,197,64,749,72,559,848,270,263,241,149,832,406,183,1094,2072,665,2272,5509,990,661,604,275,632,1234,487,ciqueira
21645,238,69,299,110,507,49,85,324,143,795,450,560,934,258,204,919,2298,404,1767,6066,1445,776,891,317,472,828,437,lorenzo
21593,177,,142,17,359,29,128,374,548,427,619,1056,865,470,63,284,4623,349,1031,6189,1299,186,260,405,362,1135,191,ananias
21557,136,135,536,106,176,,87,295,399,2840,985,499,694,421,412,1273,1615,515,1614,4210,872,1804,341,174,333,696,381,torquato
21476,147,61,214,38,516,37,62,294,202,1119,415,386,1786,298,113,769,2806,299,2497,5513,1180,638,345,244,374,795,328,claudia
21467,77,,35,19,60,,17,18,,45,,15,44,25,18,84,1195,517,4016,9117,1464,1594,2503,193,184,131,77,ignacio
21455,79,27,5144,123,12807,2055,15,53,,53,19,,,,,27,43,,184,185,76,253,32,36,33,123,54,palheta
21432,161,23,210,,149,,33,80,49,248,158,141,621,176,113,305,3488,1114,1891,8093,1666,802,574,219,386,554,159,fabiano
21325,178,53,287,,413,17,62,286,373,184,139,297,447,386,425,4483,2163,951,1749,4660,1067,1112,342,424,376,288,149,vitorio
21322,114,23,454,279,149,,46,91,48,126,65,34,163,39,20,153,724,129,1228,11382,2230,577,2001,514,331,250,145,hernandes
21320,220,268,340,297,261,26,69,336,122,733,572,553,964,241,43,363,3269,374,1763,6318,1240,618,598,205,290,977,260,moises
21272,404,75,296,,335,20,61,216,138,142,51,125,116,46,25,353,2475,1072,1890,7378,1630,789,1800,253,545,823,200,jacob
21270,94,20,1182,2648,232,,30,77,64,102,65,98,200,36,48,566,538,151,2125,6334,1710,1269,2113,933,265,173,186,gonzalez
21250,343,171,548,68,1079,97,166,1132,303,835,103,311,913,195,166,1726,2032,528,2204,4295,846,542,644,318,564,788,333,munis
21245,263,24,62,,46,,36,108,,66,28,21,26,23,29,110,689,704,464,8041,2178,3368,3970,481,295,106,83,colombo
21215,79,15,284,382,108,30,21,54,23,71,39,25,57,38,38,102,525,95,562,9652,1499,670,4461,1810,298,179,98,morales
21192,37,40,518,99,1691,47,741,3227,315,1554,536,908,3068,408,169,283,460,67,1858,2569,435,188,69,153,284,930,538,maranhao
21130,78,,44,,198,26,26,71,26,98,27,,71,16,19,900,12019,518,3468,2296,409,151,55,45,184,181,184,lage
21124,123,31,208,61,95,,82,36,15,74,23,26,236,,,714,532,162,1262,3843,804,896,6829,3949,416,482,194,escobar
21102,141,36,163,46,327,42,82,360,501,1715,936,1213,2449,539,167,536,3209,237,2342,3310,611,289,106,158,289,922,376,kelly
21101,318,346,1416,111,1342,173,225,1923,90,1274,562,743,1514,824,546,874,1684,354,1553,2174,376,211,206,326,366,1152,418,mendoca
21092,314,155,213,,388,,89,375,628,1973,148,542,385,237,40,382,2404,536,2143,4851,926,2204,562,425,467,497,188,prudencio
21090,106,26,151,28,565,43,75,521,351,1202,312,258,658,197,93,659,3517,519,3187,6110,632,219,116,150,198,761,436,celia
21088,50,,448,24,786,39,29,150,,36,26,100,159,31,36,225,3668,575,4511,6488,1118,295,1338,155,142,421,222,gouvea
21084,155,,83,,170,,91,145,,22,,20,69,,,1748,10057,468,859,3927,821,73,44,313,173,801,987,duraes
21056,160,155,438,68,945,53,147,603,278,634,326,419,1265,429,57,1299,1978,349,1651,5240,941,681,993,308,519,901,219,dilva
21000,43,48,233,,110,,180,431,150,1227,43,193,766,52,,1468,1781,460,3434,1925,883,2366,3393,505,246,418,617,serpa
20971,181,33,399,494,116,,52,69,20,74,28,63,84,,16,141,446,1177,547,8380,2371,1328,3266,892,473,223,81,marin
20958,75,106,320,142,716,31,60,429,923,332,67,143,185,64,49,544,2019,389,2172,4088,1358,1090,4071,530,207,559,289,osorio
20946,101,23,164,17,204,,41,169,242,1097,999,2080,2551,2481,673,1214,1130,116,1504,4339,392,214,60,233,261,400,233,rosendo
20929,140,42,114,24,379,24,86,197,237,670,388,352,1416,266,73,761,3843,155,1117,6368,1169,620,367,256,505,1063,297,laura
20865,96,,708,23,7956,954,44,114,23,268,,31,134,47,25,589,851,59,634,5365,1451,321,85,231,333,249,261,negrao
20853,64,26,134,19,801,17,114,330,151,180,191,84,252,28,231,1425,4826,1743,3001,4677,795,256,142,301,137,680,248,patrocinio
20822,275,386,820,167,1311,146,360,1128,699,1808,636,1148,1794,1187,363,1567,503,157,761,3238,219,95,46,253,434,862,459,calvacante
20789,121,175,421,93,1119,56,183,941,427,1094,540,574,1770,515,134,1581,1813,389,1618,3720,775,314,609,295,425,870,217,siova
20762,108,103,360,300,2466,46,182,1315,1797,1004,159,154,998,179,36,317,487,78,802,3239,1117,435,518,3618,328,343,273,vera
20728,215,22,488,57,228,,55,139,403,826,188,145,323,26,36,1265,4894,499,2286,4508,1032,349,543,424,469,1096,207,pio
20670,98,25,104,23,704,33,101,298,161,870,656,702,756,552,237,1074,3241,336,1178,6081,1334,387,497,75,308,607,232,cirino
20660,270,92,311,40,991,135,147,325,355,748,445,201,722,197,383,3843,1315,395,681,4817,920,648,565,340,638,795,341,neris
20642,292,87,1388,119,281,63,46,264,25,2214,979,2203,1744,776,69,1351,459,278,2485,2735,466,191,711,349,174,358,535,montenegro
20625,127,73,627,101,1453,142,103,886,342,5445,219,175,317,65,34,230,490,216,2161,3393,926,539,1040,135,278,398,710,ponte
20601,216,68,293,80,558,51,45,464,382,1080,852,465,2578,479,204,443,2603,105,1026,4379,1476,714,472,213,397,623,335,leticia
20598,82,40,131,,745,98,33,359,99,273,137,899,6393,1083,148,1072,873,80,1078,4906,803,148,32,446,125,269,243,calado
20571,141,42,194,25,267,17,50,331,349,503,326,256,797,156,140,657,4958,581,1724,4798,1129,638,323,240,548,1134,247,luzia
20529,115,22,1137,45,127,,49,81,129,450,113,646,576,247,259,417,2800,632,2112,5946,1226,852,989,212,240,909,193,hilario
20527,64,,19,,60,,25,,,24,31,25,49,,15,60,979,2293,6924,1740,462,886,6270,101,96,123,238,barcellos
20510,78,,136,,184,,24,61,,16,,,22,,20,1825,9665,336,1003,4010,596,296,1232,157,169,308,329,ruas
20502,95,,438,,267,26,137,28,30,48,24,15,76,110,983,8005,2540,266,1483,4155,448,244,254,123,199,334,153,sao
20487,98,16,226,,338,760,68,34,99,348,249,480,508,187,136,353,3293,303,2819,5227,1300,1366,679,450,251,803,89,narciso
20467,58,,17,,187,,311,54,,22,,,25,,,111,8784,32,512,3307,669,111,47,90,547,4842,666,naves
20402,295,103,218,35,229,15,48,227,156,1811,1011,1694,1908,785,164,678,2305,570,1497,4172,695,447,117,250,293,499,180,bernadino
20351,187,76,401,81,927,90,269,684,433,1040,159,318,568,172,125,1005,2673,390,1505,4375,939,506,1197,294,424,1141,372,rodrugues
20346,189,139,247,111,274,16,99,723,312,2283,896,1700,1821,636,360,685,1656,157,1559,3805,576,737,267,220,306,351,221,silvino
20333,109,45,121,114,107,46,74,95,32,221,109,169,142,69,23,157,1874,939,3954,7220,1564,1161,1206,318,162,179,123,thomaz
20319,118,29,31,45,70,,35,18,,15,19,,30,,,92,345,883,281,1136,3068,5634,7571,193,495,102,99,hoffmann
20303,166,117,360,67,134,,91,163,137,1867,779,2408,1756,1048,214,530,1625,264,1522,4417,592,632,78,473,232,480,147,francelino
20195,163,19,546,36,492,137,115,250,146,649,337,138,824,126,43,914,5421,341,1066,4304,1085,441,290,619,352,1027,314,tiago
20188,466,236,473,81,1045,177,308,1053,265,745,389,411,637,198,141,1073,2928,326,1424,2956,790,682,806,593,617,1143,225,martis
20152,266,116,242,78,493,26,103,244,130,490,322,303,655,128,71,621,4172,499,2010,5189,1210,330,194,269,598,1123,270,algusto
20073,76,,42,,157,,27,75,33,369,213,156,343,88,34,159,1256,323,1143,2388,2403,3616,6074,202,445,225,192,wagner
20038,207,67,374,86,779,70,187,850,452,1033,547,702,1048,365,170,1040,2699,397,1873,3214,724,382,861,293,333,810,475,soarea
20003,163,60,318,223,67,,19,25,,51,19,31,41,,,177,426,130,640,9130,2663,460,389,3786,866,182,101,ortega
19956,205,645,2083,122,555,79,244,514,221,1321,234,479,3242,1280,896,828,310,168,897,3533,481,100,78,180,403,410,448,feitoza
19949,121,,168,22,2380,246,221,943,49,26,,,,,,841,1370,392,5762,3531,660,132,66,49,394,2088,431,sardinha
19946,180,207,893,217,1971,195,464,1995,1055,949,820,599,1240,206,311,3160,1716,234,989,1075,64,98,33,40,160,722,353,marcedo
19944,260,238,1946,76,672,146,24,51,19,651,79,40,112,41,19,553,809,136,2024,6128,786,459,1683,1979,199,504,310,vasques
19929,41,,2205,20,189,23,56,476,,48,111,49,372,75,51,1953,1029,209,4304,2192,685,3810,1392,174,92,152,211,simas
19921,313,80,581,61,1280,144,167,924,168,344,513,256,645,144,172,1128,2866,452,1344,3298,1118,536,1164,251,522,1134,316,fonceca
19889,62,,17,,244,26,47,,25,20,37,530,1932,17,16,108,10816,542,1519,2206,309,54,49,52,185,580,481,dornelas
19862,153,94,500,112,1300,88,177,902,388,850,526,463,1765,474,114,1181,1631,269,1713,3792,655,319,589,270,460,754,323,ailva
19846,147,136,538,78,813,46,113,682,260,1191,385,383,1016,297,119,1317,1346,212,1520,5184,1111,503,744,236,402,727,340,luma
19833,17,,,,104,,188,30,,,,,,,,41,11057,32,64,970,135,42,17,47,135,5587,1311,caixeta
19807,176,178,62,23,94,,87,124,170,599,1001,941,1030,554,269,544,3433,503,1538,5385,1010,590,140,189,223,738,201,emidio
19778,139,99,279,,507,27,85,201,287,1827,295,879,1430,159,124,2537,1749,371,1652,4461,1027,532,160,159,163,430,185,alexandrino
19736,131,130,116,30,606,,524,1172,947,222,47,89,2705,269,243,1682,934,398,1713,3769,536,422,1521,288,312,579,347,nova
19726,232,62,558,57,691,1079,65,378,244,3880,324,352,189,46,17,412,598,116,997,5106,1006,920,1558,117,301,259,162,forte
19673,143,91,31,,113,,21,75,78,438,837,1274,1486,1094,63,507,1745,370,1299,5251,1282,1578,769,304,337,288,186,berto
19671,117,18,380,,262,65,54,121,681,543,343,494,554,175,221,752,2514,328,1883,5793,1515,943,549,316,243,577,216,hipolito
19648,158,32,147,37,278,19,51,352,129,366,274,260,1336,289,93,734,3260,359,1556,5114,1319,938,666,237,400,991,253,tereza
19593,2240,70,193,72,339,80,105,291,50,816,80,67,737,69,106,823,1338,159,2496,5495,759,727,463,255,251,899,613,nao
19558,204,331,812,146,1074,126,196,618,384,1958,541,935,2515,976,131,557,592,105,1535,2891,537,397,396,292,261,423,625,alburquerque
19481,115,,1212,19,1077,66,16,3177,,25,,,37,42,137,1707,3736,116,1671,3658,685,161,879,307,127,302,181,froes
19459,226,,332,18,257,50,,5011,,30,18,,193,,26,1234,875,1100,2808,5341,682,195,268,109,175,234,227,pestana
19412,478,33,881,86,1154,74,41,68,,53,19,19,66,,54,251,4794,1757,5215,1873,357,198,696,78,214,549,383,braganca
19351,103,,81,,63,,69,63,79,461,258,1160,744,437,215,474,2276,356,2011,6286,1939,440,387,234,362,697,142,inocencio
19342,239,56,177,129,411,32,84,379,240,619,476,378,1384,566,136,371,3594,231,1524,3734,1031,554,488,317,558,1210,424,douglas
19309,343,96,561,116,971,90,231,761,178,442,130,149,492,107,138,1089,1878,558,1030,4475,1178,775,1023,514,1103,677,204,campo
19301,102,32,97,52,128,44,44,105,311,383,181,384,1485,172,59,1394,2215,641,2433,5063,1121,947,627,200,336,530,215,ana
19285,52,,123,,167,,16,150,77,113,115,148,640,175,363,2005,938,489,3540,4374,1088,653,3040,337,128,172,355,britto
19269,143,43,140,,184,,39,107,82,399,103,131,311,80,48,332,2145,334,1660,7857,1650,1494,722,219,324,397,300,luca
19247,35,34,100,,193,19,,80,24,74,56,76,290,181,34,458,1267,689,7201,4406,459,372,2432,133,112,133,366,vasconcellos
19227,174,48,473,17,250,,104,186,87,437,305,212,214,186,242,1029,2756,790,1166,7269,1060,243,166,296,278,979,252,lazaro
19205,35,17,50,,157,,108,396,4168,2472,37,52,564,,15,1545,2474,91,1182,3383,297,98,259,83,167,677,861,landim
19196,127,198,769,30,163,,62,104,92,1984,862,585,1094,304,269,1094,1924,874,1809,4357,930,247,228,494,207,253,131,juliao
19163,43,362,2763,23,458,,125,466,113,1221,492,652,1353,1142,182,1684,884,166,1817,3347,534,282,98,136,254,396,159,macario
19131,163,65,263,27,283,112,110,342,321,2213,1148,2101,1315,142,133,256,2371,92,1165,4146,572,103,88,198,217,748,437,salviano
19096,235,91,435,51,1168,53,228,1260,122,469,264,653,657,105,56,287,2864,216,1914,4105,1070,282,579,396,417,831,288,dinis
19078,100,48,73,25,120,,376,100,360,39,30,310,210,40,52,1165,6345,788,958,3840,752,371,542,236,323,1237,631,tolentino
19067,213,,768,27,1998,265,103,1661,87,155,169,685,172,35,136,1494,638,321,1433,6110,696,329,350,210,260,495,248,aranha
19062,144,82,810,35,418,123,108,1205,572,3431,1153,800,657,184,108,413,1181,172,767,3384,619,457,829,219,234,633,324,reinaldo
18991,158,100,405,49,740,44,89,602,334,1048,513,529,1159,312,218,1708,1279,420,1966,4420,708,417,433,191,325,563,261,nascinento
18943,68,,33,20,68,,,22,,22,23,,27,,27,184,2036,1699,11788,1530,402,126,477,55,94,61,139,pecanha
18942,331,17,76,36,439,,35,46,63,382,152,152,722,345,102,501,2913,508,1001,4207,1426,3826,703,167,358,327,106,zeferino
18901,262,89,238,139,2193,92,643,1207,644,1534,299,352,704,168,125,1114,2225,472,991,2040,665,285,183,240,608,1115,274,solsa
18818,62,135,586,130,1019,24,24,307,23,558,,62,171,111,83,294,3718,279,2161,5944,844,264,804,311,100,405,386,conde
18681,190,29,107,37,196,15,42,185,172,283,157,150,540,110,79,562,3707,230,1310,5162,1602,1045,1369,263,395,554,190,ines
18641,146,17,213,24,639,62,80,506,157,369,128,240,543,342,444,3517,1552,357,1468,4400,849,480,684,215,319,664,226,sabtos
18626,176,,201,,832,17,54,145,80,489,236,929,478,304,62,186,2491,481,2681,4469,1355,1058,421,234,395,673,159,felizardo
18600,45,,91,,572,,141,149,431,114,45,37,69,52,97,9102,938,201,1390,3389,314,158,320,170,189,287,278,pedreira
18599,26,,,,65,,32,,,,,15,,,,37,15093,102,158,1311,194,67,38,61,99,706,530,camargos
18539,161,66,68,68,299,17,66,326,106,216,95,24,275,25,282,5087,2102,1183,1531,2754,777,449,675,163,587,869,268,boa
18334,28,,15,,102,,124,22,,28,,21,16,,,53,12414,70,364,866,121,49,29,38,141,2701,1097,gontijo
18275,144,93,302,,257,,61,448,105,808,211,759,1257,618,297,1443,2644,306,1489,4175,792,557,190,246,268,545,254,saturnino
18253,162,,297,,298,15,67,158,112,283,162,275,167,,89,1570,6518,452,866,4090,387,100,85,297,387,931,452,lelis
18232,179,94,441,37,222,26,67,142,203,2467,1282,846,983,568,113,653,2132,542,1772,3354,736,226,90,188,240,428,201,severiano
18223,90,,21,57,798,18,1029,700,148,76,,31,1297,21,135,6148,992,130,447,3598,299,54,,184,647,947,339,medrado
18213,154,188,670,53,716,157,120,700,125,5242,295,1493,1043,94,103,956,396,242,1095,2566,329,84,95,161,199,590,347,freires
17996,97,33,200,57,332,26,63,894,604,1543,908,667,1264,173,98,409,2021,148,1153,3571,771,703,733,224,244,700,360,raquel
17978,109,72,299,,609,28,250,746,183,973,409,2035,1951,1418,272,1100,559,104,1125,3726,478,134,138,259,214,419,368,limeira
17976,39,16,893,37,8856,258,46,153,75,72,,22,431,555,50,99,1093,374,669,2578,490,320,158,201,113,181,186,gaia
17951,65,16,62,,133,,28,80,61,238,94,88,342,96,61,355,2588,220,1335,7166,1375,1074,1575,135,205,303,232,lucca
17935,222,123,371,33,261,,25,112,102,536,356,321,1142,121,334,673,4934,418,1424,3452,227,80,34,561,1134,639,287,auxiliadora
17883,90,17,16,,28,,18,17,,44,,16,24,27,,33,315,227,228,3909,3189,3509,5678,144,199,84,57,bernardi
17860,27,,192,15,81,,51,103,67,167,267,242,5148,691,1374,1827,315,92,2560,2445,381,234,730,81,72,287,402,valenca
17836,226,41,279,40,375,,197,146,82,317,100,190,254,141,27,694,4715,442,1064,3827,431,293,524,306,400,2375,342,bernades
17798,154,53,49,,161,,113,122,243,142,19,15,38,19,193,800,3411,886,3284,2801,246,155,1913,280,412,1894,388,valadao
17777,125,21,249,33,594,,205,467,233,465,120,210,385,57,42,1072,2518,379,1096,4910,857,738,806,273,486,1176,248,peteira
17755,381,21,504,25,265,16,42,106,26,88,60,45,139,46,30,318,879,661,1894,3309,1950,1865,3847,271,432,394,141,miller
17698,97,113,121,89,363,36,481,201,416,503,284,696,3186,2144,157,552,841,181,980,3513,733,375,416,267,312,439,202,vanderlei
17687,122,15,207,40,323,,110,567,309,1130,711,512,1448,247,112,1000,2757,297,1000,3697,788,421,617,310,257,416,267,eloi
17670,214,,24,,117,,,,,,,,,,,22,39,20,79,362,2518,4599,8952,205,331,61,52,rech
17626,129,85,203,36,86,,37,70,215,2064,946,,52,,29,494,2044,330,1103,4701,1185,2387,741,131,228,191,114,albano
17621,83,,,,15,,22,,,,,,,,,69,880,808,317,10395,2388,851,1022,370,210,70,51,mantovani
17512,161,,,,100,18,,,,16,15,,18,,16,17,475,60,312,1205,9095,1695,3611,186,390,35,36,taborda
17483,136,37,695,898,126,26,,90,24,73,53,44,87,33,29,182,604,104,905,9175,1364,641,890,660,234,171,190,sanchez
17468,154,83,696,,696,,37,1208,32,987,123,249,334,125,30,675,1388,278,2051,4590,1028,1004,689,250,199,376,169,baltazar
17465,56,,44,,245,,69,140,71,201,267,57,237,540,32,799,1541,93,1039,4459,1291,257,1043,3307,303,934,424,romeiro
17453,179,206,372,24,815,125,125,347,346,696,223,272,1020,142,296,4846,1614,250,725,2644,235,90,45,163,187,963,503,nere
17387,119,,25,,75,,,,,,31,,22,,,76,447,133,377,4809,2489,2403,5483,247,340,159,78,martini
17385,55,256,770,39,267,15,54,92,121,4133,1198,712,2344,50,15,1288,1813,42,683,1463,160,75,33,292,59,1052,304,gondim
17382,174,50,329,24,416,35,89,271,117,513,167,174,402,128,115,1302,2040,326,1541,5062,935,562,911,242,509,737,211,oliveura
17366,249,314,618,113,1160,61,472,1430,419,1288,978,750,1290,482,182,697,357,119,706,2820,610,278,113,288,598,739,235,bezera
17362,235,15,221,179,131,,19,56,21,58,32,40,90,18,33,267,415,62,554,7622,1855,469,1095,3131,482,159,92,martines
17343,118,28,137,39,272,28,66,293,133,705,318,250,695,246,84,530,5418,340,1638,3105,612,495,191,278,427,658,239,marcio
17337,238,92,292,89,929,67,294,946,310,1033,179,436,2515,548,234,974,1015,228,1087,2666,676,330,400,293,597,654,215,barro
17314,169,59,376,78,731,51,84,599,339,760,549,600,2407,758,398,682,1706,145,1210,2824,668,320,140,140,414,765,342,sophia
17276,161,,664,21,586,75,20,3968,22,37,17,,159,,,51,685,181,1527,3927,975,615,1822,1270,258,114,88,pavao
17250,92,,224,32,281,23,35,133,33,57,50,81,125,33,63,537,1896,819,4023,3722,496,774,2734,109,186,416,265,meirelles
17148,211,,57,71,64,,19,44,24,94,44,148,7181,444,137,633,303,43,643,5040,818,214,49,327,254,116,157,galindo
17125,60,,1724,,1595,40,26,33,,57,42,46,609,17,21,352,486,117,3281,1861,539,1591,4092,258,63,93,96,canto
17001,71,65,22,44,746,23,2491,3055,602,21,26,,104,141,49,3318,1174,220,645,1944,164,39,18,63,334,1077,533,cirqueira
17000,120,88,323,27,456,29,73,245,253,775,293,306,774,170,119,1359,2145,445,1432,4162,853,474,576,220,385,654,244,dr
16975,183,23,490,26,346,17,75,92,70,657,246,345,651,121,265,376,2928,206,863,4626,1080,701,784,175,509,790,330,bosco
16881,83,25,454,33,361,73,330,544,219,172,52,388,380,154,36,360,1058,536,2409,4344,925,400,2447,122,195,413,368,ayres
16874,56,,,,,,,22,,,,,,44,,127,1960,,19,11650,2170,492,,105,133,53,,ap
16852,272,90,605,140,950,60,152,697,331,629,357,491,1005,326,145,1915,2319,508,1281,2055,565,279,222,219,442,587,210,asis
16846,58,19,164,25,186,,57,395,250,1030,1051,1607,2032,553,282,550,1152,237,1433,3376,448,171,107,148,877,330,301,goncalo
16841,76,65,136,15,233,17,54,207,112,425,228,170,417,121,85,462,1076,130,683,1586,1192,7873,530,153,247,351,197,liz
16816,76,68,2014,31,3409,141,22,147,797,68,29,25,100,269,19,335,592,127,1851,2235,684,2195,1023,137,71,136,215,rebelo
16737,114,65,496,,157,,111,74,51,877,275,604,851,424,118,296,2743,392,1477,3834,928,765,694,264,297,658,148,ponciano
16735,,,38,33,399,92,26,14778,40,62,,,31,,,,65,15,276,330,26,30,,,81,145,206,cutrim
16731,86,,46,48,1169,,4251,5618,879,79,23,20,42,,,52,101,26,178,611,60,49,15,57,446,1998,842,noleto
16628,146,,18,,40,,18,,,50,,,39,,,42,553,1134,589,7626,1451,1279,2951,219,208,102,115,bianchi
16603,149,142,782,102,1578,214,194,1248,346,1237,497,693,1311,527,318,1215,521,154,1325,2229,321,90,60,197,246,549,358,bizerra
16590,178,84,225,31,541,76,114,427,376,773,260,312,775,233,134,1681,1961,240,1005,3689,715,324,390,212,455,1052,327,lina
16562,174,63,110,23,259,,64,156,191,2335,494,905,726,273,135,548,3440,342,1399,3047,478,214,52,88,216,609,215,teofilo
16499,160,29,137,42,331,22,40,227,182,328,541,260,1893,390,117,252,2793,84,548,4140,1494,623,547,182,389,558,190,rafaela
16450,229,54,285,72,512,42,110,337,259,330,361,218,1344,217,73,516,2513,220,1372,3368,1112,463,261,271,505,1126,280,vinicios
16384,68,63,254,160,218,,77,227,32,420,608,393,1275,149,23,425,1571,201,879,5245,1180,1452,592,252,165,313,130,urbano
16375,87,159,289,17,193,34,39,214,138,2564,820,581,438,112,37,707,1674,450,1226,4646,758,211,110,240,177,284,170,vitoriano
16321,109,22,461,37,186,,55,72,55,839,310,387,551,45,30,448,1893,283,1261,3368,1078,2897,952,184,191,376,227,silvano
16300,107,16,71,100,39,,,17,,15,,,,15,,52,377,212,617,9859,1811,366,569,1481,343,94,77,gimenez
16296,83,,74,,21,,21,,,,,16,21,21,15,66,216,20,338,8666,3957,538,1552,282,205,77,57,penteado
16251,114,,,,27,,,,,,,,15,16,,22,605,745,481,6450,2216,1475,3282,272,340,58,76,barbieri
16215,82,,18,,37,,26,21,,25,,,19,,,71,3808,687,1936,2721,3114,840,1711,192,294,440,129,portes
16196,225,95,347,73,1393,232,61,1783,1056,1173,366,629,796,406,109,875,823,395,1069,1934,239,1144,171,36,197,292,277,livramento
16161,34,92,134,27,3805,233,53,648,62,335,368,294,354,172,41,816,1461,60,731,2988,687,363,1114,203,190,643,253,amador
16148,334,195,326,80,704,81,120,603,254,586,81,134,805,161,355,838,2248,182,2288,2915,596,177,419,131,264,920,351,montes
16139,76,47,405,69,239,,45,107,161,471,651,1233,1945,1280,176,924,843,364,1357,3675,682,109,54,382,282,358,197,salustiano
16127,140,37,177,31,342,24,42,266,160,348,274,207,1310,207,106,389,2185,75,1279,4492,1354,889,638,189,248,535,183,lorena
16123,144,15,174,,132,,17,117,98,472,147,442,576,175,22,362,3196,206,1217,5021,1269,1442,134,96,255,278,103,maximiano
16080,50,19,123,,5548,116,34,1140,110,1033,108,141,172,27,,136,740,38,1082,3044,520,519,531,230,276,197,132,pompeu
16069,242,51,166,27,768,52,354,862,281,295,225,265,727,110,373,3523,1193,632,425,2296,388,228,492,137,540,1064,353,damacena
16007,74,,22,,41,,44,16,,37,33,21,42,20,37,104,1630,483,2393,7765,1333,469,510,353,207,214,138,theodoro
16000,163,,68,20,144,,59,109,96,404,904,858,531,441,224,1329,1577,290,1149,4098,966,1083,172,286,406,433,177,querino
15984,159,141,404,148,1823,119,367,5707,1184,901,183,91,164,16,,112,214,38,923,1463,81,106,47,61,275,655,590,ribamar
15971,247,25,179,23,200,,109,108,127,603,265,392,808,447,104,559,2311,330,1061,4586,1209,377,120,387,408,788,197,onorio
15966,101,24,260,39,54,,64,68,,934,228,733,514,38,65,257,1943,237,2248,4099,1077,1374,796,157,50,467,116,laureano
15956,52,,99,67,508,49,68,12821,65,48,15,,39,,,18,122,,495,557,27,52,24,20,74,315,383,cantanhede
15929,52,97,83,28,198,,140,150,256,1474,73,1609,1521,334,118,2459,1840,133,765,2640,468,105,37,104,131,721,389,brasileiro
15928,248,102,388,89,1467,71,209,715,154,544,205,109,350,103,280,1684,1534,408,754,2765,1097,442,461,249,652,686,162,crus
15927,138,75,204,150,339,38,148,313,88,531,189,304,573,193,66,361,1145,399,975,6521,981,499,540,214,338,388,217,marino
15851,52,,21,,31,,23,23,,,,,15,,,64,391,786,165,3822,4205,2306,3267,169,314,74,41,moro
15820,158,,,,31,,56,16,,,,,46,20,,77,207,628,136,2088,2535,2716,6160,162,496,110,121,dalla
15806,57,25,61,20,230,,166,554,260,2565,336,970,212,209,99,583,579,91,1715,2056,417,80,20,159,3376,684,275,guia
15800,203,49,28,,181,,34,27,52,283,56,357,63,45,,243,3489,422,971,6537,1404,469,63,105,318,326,64,domiciano
15799,,,31,,,,,,,,,,,,45,84,372,570,13827,452,149,49,35,21,,34,48,manhaes
15762,,,26,,74,,173,93,,,20,,,,,45,786,135,10561,2135,255,117,623,38,54,374,189,quintanilha
15757,164,74,295,185,485,,60,219,99,594,105,374,539,49,16,732,1284,167,684,3048,1143,3857,916,141,162,234,122,demetrio
15746,18,,19,,80,,58,66,,68,26,186,388,92,36,328,10571,186,432,1400,100,69,15,155,104,992,331,eustaquio
15738,143,,45,58,351,,593,2271,609,761,89,458,238,19,16,257,1469,847,3402,2370,254,52,293,100,181,493,344,carreiro
15710,222,,146,,120,16,111,83,28,108,67,340,883,868,154,678,4219,467,1087,3675,498,135,60,122,366,959,278,valeriano
15696,207,60,328,70,501,62,39,279,93,278,183,245,889,184,118,433,1282,118,835,5153,1109,689,900,495,428,455,263,pietro
15666,105,,46,,112,,39,199,56,220,90,69,259,123,266,1727,4234,212,1250,3885,880,345,366,108,178,717,153,barbara
15646,119,36,133,57,211,26,50,245,199,402,282,304,1523,418,132,471,2032,267,2860,3501,684,197,207,187,287,584,232,valeria
15639,122,,122,,216,,15,,,48,16,28,67,,,139,480,45,254,10154,2421,236,164,402,197,219,233,sato
15632,88,20,118,20,181,,31,66,44,309,192,279,717,158,48,199,2950,179,1278,4937,1285,943,660,118,255,370,181,cristiano
15610,47,,1799,290,1073,39,57,420,71,146,165,134,991,332,43,3386,522,283,1067,2910,307,177,348,273,230,382,111,laranjeira
15607,198,17,232,,88,,41,54,136,754,335,249,770,435,79,360,2866,371,1292,4697,1174,313,53,331,238,376,135,tiburcio
15582,131,112,414,411,226,,37,373,96,429,341,657,844,377,94,326,1828,294,1314,3888,956,864,414,338,288,372,145,alfredo
15563,178,72,141,69,296,68,85,340,145,556,109,199,544,111,61,336,1851,191,1239,5573,1028,400,527,187,440,612,205,orlando
15527,85,20,79,26,195,,64,151,136,491,225,150,537,210,53,428,5055,325,1659,3029,584,320,137,151,356,765,282,marcia
15522,154,,239,212,95,,19,281,116,1102,312,389,288,361,394,1277,2528,213,1248,3371,1005,361,329,334,204,427,258,militao
15518,170,49,348,53,150,,48,71,41,174,169,140,268,418,218,620,2248,599,1952,4773,807,350,614,377,234,386,236,ramiro
15488,251,42,279,16,187,,22,20,,122,88,88,138,46,,128,617,115,490,6286,2795,1808,630,561,558,133,41,fermino
15478,47,,2183,,6054,1950,32,21,,,,,,,,148,1002,37,278,2647,391,73,,98,182,197,58,balieiro
15439,272,161,303,25,123,,24,121,67,594,350,502,475,172,39,759,2073,919,1233,3612,1073,1077,580,124,241,379,138,onofre
15408,219,50,45,39,695,,47,29,16,258,19,39,250,295,569,351,2197,228,1006,4956,1132,707,552,209,333,1007,146,prudente
15382,284,78,251,94,790,123,265,1133,182,448,154,832,1387,344,213,1019,1367,239,788,2562,604,109,286,190,472,952,216,goveia
15329,60,36,406,369,54,,,21,,34,,,45,,,45,142,45,303,1500,1350,819,6267,3338,284,88,76,acosta
15324,82,66,119,,250,,58,91,59,592,163,200,393,81,45,405,1360,660,2148,4588,704,414,2171,91,178,266,129,justo
15310,157,117,624,88,848,54,124,406,252,980,319,587,965,284,224,816,1670,321,1251,2335,445,243,796,189,251,557,407,vasconselos
15303,30,38,1100,28,2298,286,126,775,218,111,106,59,310,103,119,2320,2142,170,1370,1623,276,518,381,55,108,326,307,natividade
15298,110,21,784,41,671,385,,1126,1443,214,27,47,463,15,64,4732,908,78,811,1688,490,109,313,82,121,216,328,bacelar
15288,73,,18,,338,41,84,39,25,32,25,25,240,488,40,2498,2797,499,2261,2753,618,198,1160,90,237,448,251,paranhos
15260,44,23,189,,1025,28,15,43,33,230,57,15,25,71,,127,9001,328,856,1274,304,839,78,159,89,287,99,cota
15258,55,,,20,,,64,15,,,,,,,26,36,958,164,316,6225,1931,1618,2355,226,290,728,150,zago
15231,71,121,167,16,186,,23,97,214,668,789,875,1263,374,67,512,1931,398,1597,3150,824,504,433,192,278,351,129,olegario
15220,182,98,739,1080,425,25,41,194,106,533,221,171,409,130,73,684,1099,186,1313,3489,905,642,1037,640,200,364,234,gomez
15214,153,83,38,66,63,,27,138,42,327,186,201,326,114,104,296,2713,516,1426,3254,897,2913,525,163,170,373,99,felisberto
15205,108,20,90,33,232,17,30,121,70,305,363,173,838,193,78,376,2412,88,855,5164,1397,667,565,174,284,358,194,cristiane
15198,91,23,1548,96,8517,620,,258,,199,50,,337,,24,267,278,133,979,1036,113,232,89,34,60,71,100,barata
15198,163,62,198,50,333,23,51,429,232,324,293,271,1048,333,138,335,5330,90,523,2164,921,312,150,142,283,750,250,emanuele
15180,164,65,316,74,428,50,99,307,99,481,280,267,914,282,25,581,1279,218,1325,3739,868,510,1198,268,499,671,173,dasilva
15178,99,,42,28,,,,,,65,27,,15,,,18,50,,181,1637,1191,997,9567,951,139,65,56,quevedo
15146,51,57,26,,314,19,16,530,,98,45,37,240,307,3032,2885,566,131,1646,3439,538,194,451,99,105,96,197,doria
15135,52,,18,22,495,,73,768,796,113,43,52,373,186,204,4167,1482,412,2053,2756,146,106,27,39,108,358,276,amparo
15133,110,,,,46,24,33,,,,,,22,,,31,392,178,91,4168,2289,3237,3564,441,298,119,32,marcon
15098,,,6639,8458,,,,,,,,,,,,,,,,,,,,,,,,yanomami
15093,173,50,126,54,204,,72,184,127,444,249,194,858,194,62,322,2976,271,1238,3918,916,378,232,259,417,940,223,mariana
15088,90,101,149,19,264,80,80,275,281,757,435,930,1190,271,43,684,2076,437,1585,3224,589,251,299,216,295,291,176,leoncio
15060,98,160,56,15,136,,105,149,18,92,414,19,114,324,58,2462,2608,695,1938,2000,323,326,1113,707,252,616,257,nolasco
15054,78,20,567,,6044,192,615,357,,22,,,18,,,42,1097,70,910,960,427,149,476,1500,313,945,218,portilho
15018,158,37,152,20,495,40,18,16,,119,,,,,48,343,2333,2930,2858,2719,331,131,1529,62,242,235,161,louzada
14990,56,,26,50,27,,18,,,26,,107,88,,,47,463,417,411,1649,3895,2494,4553,162,294,88,78,mayer
14964,127,,,,17,,,,,,,,,,,23,1070,113,219,7015,2571,842,2304,185,241,80,72,milani
14961,113,58,254,34,566,43,107,298,193,525,262,239,806,283,151,998,1408,231,1300,3503,835,434,946,192,334,643,205,ds
14958,162,76,465,45,417,41,67,70,17,219,172,135,473,89,75,1551,1865,286,1474,3778,740,637,658,258,461,583,144,siuza
14934,117,224,900,55,882,20,111,285,74,1321,2992,901,1037,84,140,986,635,197,838,1414,180,100,92,120,144,751,334,filgueira
14925,87,70,452,21,777,34,267,106,293,255,88,385,282,,93,1487,4351,269,1150,2281,419,190,74,123,181,835,348,gualberto
14884,260,60,166,67,278,,66,265,126,385,199,358,874,173,42,382,2691,291,972,3745,921,278,122,206,520,1200,225,henrrique
14880,306,189,499,101,1599,204,474,1281,323,1115,210,215,347,169,68,659,1637,338,1141,1240,406,252,235,133,532,949,258,abrel
14831,245,27,137,25,247,,55,106,35,588,257,612,794,192,98,499,1277,490,1148,3363,1068,1614,699,227,341,511,169,serafin
14781,21,58,210,166,301,38,401,57,62,218,767,1652,3674,1642,87,650,617,149,1444,1349,257,94,87,88,134,238,320,wanderley
14732,38,,50,,62,,,31,,36,38,29,87,41,54,504,989,706,4185,5008,830,571,891,132,152,94,177,sant
14700,133,19,165,43,112,,190,106,57,251,586,583,1057,415,195,308,1628,578,1206,4488,991,260,114,316,246,459,191,dionizio
14580,116,,84,15,175,75,,50,,44,99,46,549,252,1036,2553,2474,603,1896,2818,332,265,113,113,137,368,351,calazans
14578,179,,19,,120,,,,,,,,22,,,132,9523,1046,787,1593,394,59,24,83,108,154,300,bicalho
14570,29,,1570,105,372,74,40,783,,138,98,721,152,15,39,1371,524,83,1816,4491,761,164,378,227,142,158,306,garrido
14560,81,,204,23,529,,1945,490,1071,1022,34,37,69,,,328,572,480,1674,3146,336,65,306,55,361,1076,616,barreira
14545,82,37,79,,513,53,41,366,85,274,96,111,363,303,42,421,1581,139,696,6224,867,79,17,199,1192,566,110,benedita
14541,288,149,431,63,720,83,247,554,224,719,333,390,631,186,170,1246,1667,288,869,2493,651,219,212,181,391,855,281,bastista
14488,83,,16,20,119,,49,34,16,23,15,38,84,27,58,3199,1619,303,1524,4075,281,246,45,166,431,1365,642,valverde
14471,21,,21,,70,,53,155,,18,,,106,128,,530,6322,259,2247,2772,303,200,174,76,71,474,410,alvim
14454,70,,103,17,57,,25,35,88,338,77,158,578,555,60,123,2628,260,1632,4841,1135,856,238,144,135,169,110,isidoro
14414,57,,155,173,207,30,18,136,,85,86,781,243,,,277,1063,553,1754,6364,818,274,377,296,135,355,152,serrano
14411,82,17,176,225,78,,17,92,25,53,,32,194,37,,240,593,680,2788,3365,2050,1425,1491,200,228,133,151,bello
14404,24,28,191,27,288,73,34,5644,222,427,,53,141,,105,820,373,63,899,1847,353,339,849,132,193,982,271,garces
14378,80,20,41,16,216,,88,252,128,131,61,190,163,50,621,1511,1144,289,2408,3762,634,310,958,221,217,524,332,amado
14351,89,,1237,19,1656,161,102,43,25,69,90,418,2168,588,107,771,961,99,1217,1841,513,208,526,144,165,790,334,beltrao
14349,102,19,113,,196,,31,140,101,662,265,265,689,135,46,187,4038,243,923,3784,566,206,160,267,261,707,223,flavio
14339,110,20,69,31,193,,41,132,153,398,390,118,397,86,42,451,2259,224,1128,2885,988,1657,1419,152,478,328,180,catarina
14271,73,23,91,21,226,,28,118,93,392,149,285,759,111,47,277,2017,238,1614,4147,1001,560,914,222,238,437,179,renato
14262,313,67,257,74,405,24,98,214,89,411,239,291,658,275,181,785,1229,301,1324,3078,1168,550,887,361,434,420,129,soarez
14260,130,44,228,37,472,48,101,332,157,568,204,332,737,186,53,741,1977,342,1417,3376,535,280,451,178,301,791,242,gones
14254,98,,59,102,63,,25,32,,48,31,34,58,30,24,131,324,460,389,2620,1495,2717,4658,159,372,193,115,simon
14246,85,,21,,22,,,26,,16,,45,107,,,415,511,77,854,6751,1569,1503,1616,219,189,97,77,longo
14211,83,,167,57,576,99,145,184,32,425,506,971,952,272,108,849,2246,371,830,2548,365,205,574,245,202,725,465,solto
14204,69,,245,,1145,36,29,18,60,67,20,17,335,,,102,1717,236,499,1336,972,1468,4810,519,240,183,72,jaques
14177,71,29,70,29,97,15,65,81,117,866,465,883,1525,1305,38,475,1655,61,585,3997,479,112,43,279,175,474,186,aureliano
14175,43,,236,20,206,20,45,1488,119,403,38,82,161,43,445,699,541,76,1584,3350,494,551,2125,153,151,724,372,garcez
14166,28,75,75,22,122,,115,160,128,1048,762,2225,1723,499,88,484,926,321,1493,2681,268,113,102,122,121,295,158,virginio
14082,81,23,77,29,119,,46,157,237,475,300,512,2292,1911,141,363,812,115,711,3968,478,94,34,227,369,381,126,cicero
14044,172,121,268,42,923,96,128,1060,520,458,239,224,650,101,131,985,2885,174,794,2328,335,95,45,131,213,727,199,raimunda
14028,272,21,192,143,104,,78,39,42,297,130,84,300,74,28,318,1684,722,1667,4432,1384,967,258,117,240,299,126,frederico
14022,32,,,,23,,22,,,18,,,25,,,,130,27,342,393,416,800,11242,137,115,78,129,dornelles
13985,19,,,,,,,,,15,,,,,,37,425,,481,651,594,708,8811,1550,368,123,110,azambuja
13955,104,28,62,22,104,,52,84,92,294,185,112,365,73,172,1442,2918,207,1260,3882,634,354,260,202,202,622,220,angelica
13955,95,50,340,41,768,61,97,530,191,598,278,207,272,105,35,643,1709,223,1393,3236,575,483,659,147,380,633,206,cista
13949,168,82,63,19,238,,268,174,229,60,38,31,255,394,201,1860,1289,586,2156,3777,351,261,144,120,317,525,338,serqueira
13943,103,,151,,86,23,32,50,38,280,308,367,301,147,215,228,2656,550,1122,4039,1008,895,562,155,202,315,100,euzebio
13943,88,28,442,319,138,17,28,46,43,246,129,179,198,102,22,146,1040,849,1555,2882,1189,1030,2507,178,214,203,125,thomas
13941,127,35,344,37,226,,45,236,111,358,197,148,1138,153,72,731,1697,275,1191,3457,1016,486,569,257,373,482,167,mario
13892,34,,130,60,342,,103,497,154,215,1111,18,83,59,,89,3995,42,1241,3229,516,198,403,145,97,827,294,palhares
13882,78,27,174,18,395,35,117,381,163,374,79,98,221,53,46,799,1970,330,1392,3523,1040,518,671,176,279,695,230,ribeiri
13872,101,,155,30,36,,61,46,30,690,352,305,258,172,51,344,3922,456,1527,3566,608,204,69,117,105,504,155,romualdo
13862,51,,20,,67,,41,69,604,214,133,572,5401,408,141,763,397,68,597,3064,296,83,49,158,180,335,125,josefa
13846,98,,,,40,,,,,,,,,,,27,1929,588,1427,4742,1076,771,2307,127,177,348,129,valim
13821,57,,39,,39,,,,,15,,,,,15,65,254,223,256,7537,1829,1344,1594,122,259,80,57,pavan
13819,23,,53,27,225,,15,312,105,42,15,,75,32,21,1055,494,542,2799,6513,500,144,142,122,97,254,194,morgado
13814,122,25,86,56,113,,27,91,82,681,403,370,446,198,68,269,1648,295,961,5009,986,532,320,196,244,473,107,estevan
13810,80,,124,,2743,38,37,320,41,233,334,23,318,45,,691,2808,200,1182,2747,476,146,201,88,149,567,186,barra
13789,98,34,272,69,821,110,409,611,509,706,69,284,234,120,33,818,2790,539,1153,1098,251,242,592,204,323,1157,243,rodriques
13730,81,,16,,65,,29,23,,17,,,,,,68,1120,170,87,5352,1803,2283,1912,148,276,175,51,piva
13705,114,,75,,137,,35,,,,,,19,,,56,2674,154,527,6830,1863,184,51,238,216,407,93,beraldo
13705,70,,51,,35,,23,20,19,209,25,408,1167,61,40,179,2976,56,324,5687,807,135,121,192,159,543,391,morato
13696,95,,77,55,157,76,33,144,372,905,90,306,630,246,59,253,2380,237,1478,2889,870,1200,408,99,154,302,175,policarpo
13622,114,,175,,54,,23,33,17,163,50,145,547,632,77,93,2137,319,1246,4623,1519,847,154,223,217,145,53,izidoro
13603,138,22,150,23,461,44,71,174,90,335,40,163,295,39,40,672,2570,259,1193,3138,873,509,787,288,324,728,177,gincalves
13591,52,283,369,22,385,25,60,249,110,1164,724,2555,1037,197,186,442,420,47,2060,2181,226,58,,102,119,313,198,pequeno
13501,117,36,285,477,340,,,88,,54,40,58,137,18,26,415,670,127,1777,5729,781,531,943,267,184,150,218,alvarez
13499,86,,357,575,676,,,,,34,27,,24,,19,328,526,57,1258,5138,918,480,1851,615,199,140,124,blanco
13478,44,,,,,,,,,,,,,,,40,28,,70,201,1160,1620,9827,295,63,30,27,boeira
13476,31,21,929,37,318,,21,1544,,153,904,45,191,,,253,1150,377,4952,1246,244,109,47,223,53,467,125,tinoco
13451,145,18,18,15,207,,,32,,293,300,29,359,,,56,2854,87,1167,1786,3271,719,648,1053,208,62,109,matoso
13433,124,24,49,43,865,16,966,1175,459,,30,28,138,229,52,1679,1551,360,1015,2069,153,107,26,56,545,1149,515,sirqueira
13411,97,,,,25,,,,,,,,,18,,115,250,2089,178,1637,1492,2469,4469,196,205,42,78,stein
13379,106,47,310,54,668,43,80,468,160,468,245,245,730,217,52,735,1365,229,1217,3048,605,355,626,160,403,591,152,slva
13340,136,,26,,23,,,,,,,,23,,,128,607,508,1748,1434,1361,490,2738,3562,315,118,47,brites
13334,105,,,,21,,21,,,,,,23,,,96,242,270,326,6432,1832,2190,1197,174,229,78,33,marchi
13325,248,607,2896,330,395,22,29,140,52,191,109,521,596,170,91,1314,445,94,1625,1845,707,158,206,93,114,165,162,rosas
13316,67,,207,24,3220,141,46,4557,47,602,,,52,,,235,262,890,784,887,150,136,665,,55,116,132,soeiro
13291,36,21,1326,50,476,,20,399,27,54,69,24,730,54,,529,5624,251,1112,1445,264,109,,72,50,382,144,vilaca
13284,107,22,114,25,266,29,26,206,174,932,424,324,1086,244,94,268,1338,153,1135,2882,910,715,747,276,242,331,214,anderson
13279,90,34,118,28,275,54,20,150,78,216,167,117,399,105,45,174,1964,118,1035,4643,1400,698,280,208,277,407,179,willian
13277,82,32,203,24,346,41,80,278,112,282,229,183,424,188,43,560,3219,237,907,3576,454,303,246,185,249,583,211,cassio
13261,92,28,178,23,379,38,83,323,181,398,171,107,248,162,71,976,1595,388,1287,3347,830,464,682,187,245,549,229,richa
13257,88,,,,39,,,,,,,,15,,,48,771,902,196,4783,1855,1731,2225,189,261,44,44,favero
13202,86,125,330,89,349,68,,719,17,260,1320,893,739,914,133,595,1704,199,1282,2277,250,218,35,67,108,225,187,nicacio
13197,36,16,,,22,,,,,,,19,81,,,53,143,279,434,2116,1169,3401,4953,104,179,61,72,fischer
13136,115,59,593,78,397,39,45,530,369,1580,364,256,895,409,132,1122,679,89,824,2558,311,332,288,76,177,503,316,levi
13092,76,27,103,161,134,20,18,51,76,353,456,1028,742,674,31,269,2261,300,1479,2881,757,258,145,161,236,315,80,emiliano
13061,75,,20,,27,,,,,,,,19,,,41,126,32,193,336,1377,5818,4591,49,231,44,32,schmitz
13039,68,21,72,,60,,,27,,74,62,37,66,,,49,2990,108,1287,4695,1047,1265,459,119,183,253,75,generoso
13031,136,54,171,31,1050,47,253,422,313,518,128,209,437,171,70,1346,1079,260,761,1802,641,609,1059,227,378,692,167,rodriges
13014,27,,19,,49,,,,,,,,,,,35,1099,1332,178,5154,1635,886,2030,173,186,63,96,zanetti
13008,150,137,601,99,996,142,115,569,115,415,253,520,495,122,116,1417,1613,229,1477,1628,218,166,191,235,371,349,269,figuereido
13002,313,92,270,59,653,61,99,656,63,493,125,200,375,41,108,1436,1937,519,844,1258,621,382,696,249,422,829,201,dultra
12991,31,,32,,54,,50,29,29,211,35,25,95,,,68,9157,146,645,1472,131,33,,29,49,374,244,magela
12977,82,28,192,48,240,,133,560,479,2123,647,1314,1153,649,118,846,508,123,626,1825,248,75,26,181,230,386,130,roseno
12969,68,731,1124,53,812,247,123,507,448,3906,69,43,173,,,97,249,48,1116,1404,468,66,158,65,199,268,521,saboia
12968,76,,34,,242,1069,26,50,24,97,22,61,159,23,20,318,1670,56,603,4783,1327,1367,388,245,162,69,72,mira
12940,71,,,,50,,31,16,20,34,,,,,,31,85,21,234,263,1134,5073,5454,74,221,50,41,schmitt
12918,98,,,,73,,22,,,,,,33,,,156,561,1348,418,5279,1234,1042,1907,259,266,80,81,martinelli
12905,43,,19,,94,,24,30,,16,,,,,,31,71,39,122,257,1315,1535,8765,139,251,55,54,scherer
12897,70,,337,,355,26,,70,41,23,,,24,24,59,1296,695,241,854,1429,751,2015,4010,205,125,174,42,bitencurt
12897,143,85,204,32,732,20,69,263,219,716,429,611,951,229,138,734,903,277,1153,2207,1107,270,262,180,307,508,148,feliz
12860,89,50,101,37,371,24,32,288,229,787,424,356,1240,392,116,274,1733,316,1120,2605,604,421,342,106,197,337,269,arthur
12858,120,37,369,55,1214,106,209,784,359,239,437,147,680,81,143,3084,1251,321,391,1318,116,84,114,49,235,668,247,damascena
12829,75,,52,,53,15,38,39,,164,25,15,47,30,250,1340,873,3509,2576,1309,373,257,1269,103,187,164,45,lirio
12828,31,58,75,27,397,23,76,179,70,895,2200,503,525,663,114,774,1092,93,1109,2438,416,175,68,63,134,449,181,praxedes
12818,98,19,84,20,182,15,46,157,118,349,183,193,429,115,41,448,3227,328,961,3280,571,292,630,124,180,554,174,marta
12811,111,19,98,41,478,,,21,,32,25,,35,,,123,939,410,5485,2036,541,269,444,315,594,583,170,velasco
12792,131,115,370,162,517,52,147,380,159,540,235,170,455,133,109,701,775,198,578,3599,935,473,615,260,357,468,158,mora
12768,54,19,372,23,1018,80,85,170,86,543,86,1567,373,48,70,425,1759,186,1141,2658,318,90,31,206,148,863,349,mamede
12740,76,92,719,56,243,,47,566,544,766,152,336,471,283,106,844,532,155,1113,2818,384,661,457,194,330,519,263,placido
12739,162,58,300,31,744,70,142,483,214,664,153,232,668,235,90,901,1756,220,1063,2386,498,167,263,195,249,578,217,fereeira
12710,115,41,286,29,270,,104,54,51,460,146,318,421,126,26,259,1963,573,1534,3502,903,278,166,179,339,387,168,cezario
12700,184,26,488,853,53,,,16,,20,,39,28,,,37,245,106,490,1652,377,482,430,1779,5082,138,128,rondon
12688,211,82,213,47,504,37,239,333,67,696,224,428,745,70,16,389,834,192,607,2489,690,572,502,396,1385,626,94,aruda
12688,51,24,818,397,627,33,57,287,121,507,194,82,178,17,193,607,861,95,1754,3724,437,435,340,126,231,291,201,gentil
12676,157,21,271,,328,15,40,30,118,1857,1007,540,633,96,26,344,990,70,806,2926,571,592,238,241,193,301,257,frutuoso
12665,94,44,205,43,392,74,83,243,152,493,208,294,794,181,51,928,1245,265,1183,3298,526,234,331,223,282,607,192,barbisa
12664,123,,,,49,,72,63,184,241,227,461,99,,,507,1745,155,555,4553,1122,612,294,165,270,859,261,balduino
12637,61,,,,20,,,,,24,16,,73,,,24,264,46,492,854,606,4577,5273,52,131,15,52,velho
12635,118,47,121,,198,,53,72,47,594,150,295,293,87,30,189,911,168,2318,4689,665,488,442,163,135,188,164,casemiro
12628,151,35,241,47,419,29,155,1030,235,239,99,199,729,84,55,518,1127,252,1122,2237,1443,492,550,199,235,462,244,velozo
12617,136,,39,,37,,95,,,,,,21,,20,2433,1532,857,1137,3251,716,74,22,696,377,975,142,tosta
12615,128,,106,,133,,16,,,15,,,49,,,125,458,347,560,3726,1629,2042,2604,175,225,108,116,conte
12600,42,,,,64,,29,20,,15,,,,,,43,107,62,137,2063,2281,3343,3799,170,301,50,22,zanella
12595,41,,,29,44,,,,,,,,,,,16,43,,78,347,1058,3670,6686,106,272,55,60,petry
12579,44,,318,93,590,77,70,1250,25,210,37,264,330,62,,1115,739,185,1682,1787,438,262,1366,415,466,482,263,malheiros
12574,45,44,294,,131,,63,206,175,840,234,349,714,283,188,1231,1584,147,1555,2132,282,625,355,485,128,288,183,firmo
12573,58,16,154,27,165,17,,,,202,35,23,82,21,,40,894,32,1214,7725,756,238,468,129,97,57,88,russo
12565,100,,77,,120,,67,40,25,18,,,22,,,153,598,154,311,2987,2096,1221,3131,283,482,549,79,boeno
12545,166,,,,68,,,,,,,,,,,25,62,948,122,479,2209,3534,4479,77,189,83,40,kruger
12529,83,,47,15,138,,39,173,44,110,22,37,107,16,85,427,1074,742,2170,2240,1129,1106,2010,157,222,244,82,roza
12485,72,,87,,48,,20,,,,,,,,,54,212,560,131,2822,2286,2154,3090,300,427,109,66,perin
12459,165,31,88,40,253,21,37,179,138,408,339,216,1029,204,68,175,2534,127,522,3080,967,462,191,195,367,469,154,camila
12458,54,,,,24,,,,,57,257,826,133,23,,26,241,21,556,867,571,2502,5884,98,96,100,84,madruga
12453,59,,85,,169,,75,139,42,51,,28,150,20,31,135,2123,360,1136,4108,1441,564,251,210,226,865,160,natal
12432,93,,,,30,,,,,,,,,,,76,86,495,77,472,1727,2460,6337,118,255,110,39,kuhn
12426,207,47,896,1208,191,,,30,15,35,20,40,89,25,,105,299,62,310,3121,1051,804,793,2472,397,84,98,rojas
12397,132,130,232,36,863,75,175,380,103,521,142,240,474,144,44,527,1384,182,1082,2445,606,367,715,342,423,506,127,ferrera
12396,65,,46,,296,,23,201,,54,25,,44,,,126,4589,345,2677,2811,443,49,168,33,59,88,200,ladeira
12389,96,,70,,108,,35,52,66,183,84,218,376,302,,190,2594,337,1475,3756,1018,442,316,144,154,286,61,leopoldino
12279,63,,35,,32,,49,,,23,,,19,,,1130,3782,317,2126,2440,294,71,352,159,79,651,617,ornelas
12277,518,16,231,59,194,,130,,,,,,,,,113,5180,914,530,2250,1155,92,25,148,461,102,105,pego
12270,30,,53,66,680,20,81,726,48,469,3204,807,1052,54,27,953,734,103,800,1387,178,40,31,44,201,255,213,barbalho
12270,95,,22,,52,,23,,56,30,21,20,103,15,17,71,1026,64,347,1561,1641,2182,4169,122,259,227,112,teresinha
12235,78,15,97,40,249,,35,129,59,307,56,52,266,87,22,228,2024,591,1579,4207,583,267,224,258,216,379,173,mauro
12233,156,,187,191,83,,,23,,,28,21,44,,54,122,368,68,2464,5226,1080,558,815,251,200,105,138,camacho
12227,113,,5718,39,4533,1169,,,,25,,,16,,,32,29,,99,178,32,92,19,,16,44,15,alfaia
12215,69,,198,296,55,,34,,,31,,,41,,,78,232,21,127,8236,1578,250,137,331,258,106,85,parra
12210,55,,,,175,,32,160,105,27,90,46,723,30,321,6533,585,172,497,1676,129,87,15,51,172,370,143,purificacao
12187,63,,39,,23,,,,,31,,,30,15,,70,380,167,184,4763,1279,2447,2153,124,255,42,80,della
12187,195,70,337,35,878,58,213,701,222,726,261,237,391,114,81,566,1473,290,870,1942,499,287,377,232,305,659,168,matins
12128,101,106,264,57,678,57,142,630,272,640,336,288,1128,367,83,892,975,200,858,2122,316,151,321,173,281,517,173,sipva
12122,173,76,241,20,416,40,107,396,106,685,84,271,834,594,220,1188,1069,275,1006,2070,540,213,233,122,265,697,181,correira
12102,209,329,549,70,718,104,146,858,510,2015,417,266,1198,419,45,178,207,47,425,1825,228,105,75,141,235,527,256,olanda
12087,35,,16,36,377,,325,1611,204,190,18,19,344,1662,1053,2048,498,212,691,1822,179,76,31,80,117,245,192,sandes
12084,,,28,,50,,,27,,50,30,99,166,58,68,553,485,614,5449,2264,375,327,957,68,48,100,218,santanna
12080,80,29,,,,,15,,,,,,29,,,32,392,64,428,6971,1177,1584,744,138,203,53,75,moretti
12079,141,72,282,57,678,45,157,493,278,714,220,185,499,150,18,644,1564,230,995,2287,530,174,456,258,200,479,273,lopea
12068,,69,107,,86,16,76,166,43,788,200,158,217,498,32,523,1990,186,406,2836,940,465,1140,127,221,530,228,bertoldo
12046,179,30,106,22,267,16,102,188,114,136,,51,177,153,118,1186,623,294,880,3773,1819,332,116,223,403,450,275,bonfin
12042,107,20,198,,290,23,24,59,33,469,214,37,757,146,17,135,1401,239,2472,3106,432,78,67,31,138,1365,173,manso
12007,152,46,160,38,546,34,203,652,316,430,181,141,257,61,127,1497,1129,225,922,2444,649,266,308,226,277,546,174,ribeira
11992,119,94,259,36,490,44,47,391,204,830,381,362,860,180,128,1000,806,305,1339,2445,384,239,245,102,219,356,127,nascimenti
11983,268,35,299,22,941,97,268,515,374,271,90,123,224,50,50,989,977,293,878,2033,611,423,427,273,608,730,114,borge
11967,261,,578,,178,,117,45,45,278,106,521,178,,18,2594,2098,67,429,1918,440,97,22,103,339,1072,436,alecrim
11966,151,139,462,,252,,62,202,373,636,156,503,496,326,52,348,1664,171,1122,2509,652,590,313,81,118,444,132,pacifico
11955,130,16,339,45,462,49,89,133,85,291,41,46,112,15,61,337,1438,158,1277,1555,368,422,3844,83,236,230,93,andrades
11954,84,20,173,23,462,45,87,377,126,293,123,135,436,318,302,1754,1012,270,993,2557,598,298,478,177,246,394,173,sanros
11949,85,,49,,257,,24,1131,120,437,282,235,45,,,28,228,40,254,620,2981,2278,1887,526,135,137,134,palhano
11944,66,16,117,50,564,,335,1410,1959,2405,123,38,139,29,15,233,272,52,423,1688,370,83,32,148,345,617,404,arrais
11943,55,15,144,,182,,58,108,155,2816,554,640,608,147,20,167,1406,112,559,2073,406,868,258,88,115,256,128,eufrasio
11907,56,,28,,61,,20,89,37,114,166,703,5741,173,21,249,632,50,725,2038,154,85,21,121,158,367,83,severina
11881,69,,129,27,501,,,33,,31,,34,57,15,327,736,1739,119,962,4913,1017,208,479,147,116,92,95,oliva
11798,111,77,398,72,125,,47,186,94,1342,493,1317,561,326,24,305,2031,149,858,1457,275,370,177,66,177,609,138,fideles
11788,78,91,104,30,106,,64,84,306,1170,178,319,259,79,67,275,1881,113,1183,3206,638,332,418,132,146,365,153,isaias
11786,125,21,246,17,312,,81,586,68,49,25,66,414,103,46,903,861,348,1094,2565,780,625,846,228,895,297,173,bom
11785,95,29,178,121,123,,58,79,107,418,224,440,563,204,107,362,1582,317,1529,2992,654,329,636,124,114,248,148,ernesto
11777,107,,214,71,119,,33,104,72,222,41,78,199,64,25,223,1001,127,705,4226,729,1015,1639,195,219,215,108,marco
11763,83,154,505,200,602,78,88,494,248,968,29,82,357,96,30,1046,1945,130,1033,1602,244,86,221,178,387,613,264,magalhes
11739,42,107,436,,124,18,187,196,536,595,367,344,1023,299,248,1273,1421,124,1060,2172,186,378,123,39,71,132,236,sotero
11724,,,,,,,,,,,,,,,,,66,117,96,287,10478,472,51,17,,18,31,rocio
11667,,,666,22,3322,34,,660,24,204,35,839,1094,21,281,178,265,68,1662,1410,205,205,80,23,50,105,189,travassos
11659,107,,283,44,196,17,34,30,,112,47,46,163,113,,119,533,202,279,4465,2445,674,892,229,226,251,121,grande
11643,85,24,793,1131,246,29,39,206,42,211,129,108,317,46,63,342,514,168,887,2555,896,737,1111,369,187,216,192,diaz
11619,82,29,187,16,432,41,42,218,80,239,97,140,344,236,108,1289,993,285,818,3090,809,415,587,238,243,422,139,fos
11578,49,,16,,156,,163,323,783,112,,16,5688,,26,394,144,18,66,1614,116,36,,824,370,443,197,delmondes
11537,46,,32,31,1244,54,3154,3732,60,43,,,,,,34,122,,126,247,24,35,,30,544,1346,587,milhomem
11490,71,124,243,,376,,45,274,249,101,102,76,157,37,,361,1320,662,1159,2572,1016,605,622,588,189,397,111,ozorio
11476,139,29,217,25,187,,92,187,90,606,194,1226,1449,783,39,334,725,116,903,2604,467,194,17,184,261,280,123,deodato
11475,47,,108,25,447,123,35,356,97,316,95,189,856,177,232,3508,722,255,879,1910,257,116,122,121,148,201,123,soledade
11460,136,144,83,23,118,,274,146,119,6263,1364,94,285,45,,210,298,37,230,1023,114,77,37,25,23,142,137,diogenes
11457,114,18,38,22,77,,25,52,76,325,508,363,265,289,54,143,606,47,519,1982,1629,2084,1383,158,344,180,151,salete
11448,73,17,386,25,213,,50,101,132,860,387,496,797,331,132,599,1221,175,1028,2317,484,427,359,184,154,356,131,ancelmo
11440,43,17,94,49,40,,,,,21,21,46,267,28,,168,509,390,5514,2499,473,147,824,113,37,36,73,crespo
11422,79,23,131,,243,99,32,209,119,1478,292,516,432,51,179,369,2095,259,1687,1708,388,212,250,57,105,198,197,franklin
11408,97,22,240,193,184,22,19,66,17,166,46,70,195,51,24,177,598,270,1101,4115,786,489,1757,164,185,140,214,la
11406,60,21,,,89,,,,,,18,,49,124,492,7693,235,149,626,1275,73,76,109,17,68,59,130,argolo
11398,23,18,145,21,210,,,66,43,44,153,42,120,59,410,6725,386,178,727,1440,81,92,35,15,81,174,96,amor
11383,75,18,378,18,1006,108,20,115,17,37,18,50,170,70,21,1128,1865,349,1477,2850,522,494,128,62,70,122,195,barreiros
11368,193,348,389,64,667,28,130,2920,2673,1705,50,28,43,,,77,92,,317,464,45,41,30,,96,468,457,fontinele
11362,54,,129,89,171,,97,136,27,79,42,47,84,27,,180,1650,162,1041,3592,1085,429,490,329,227,984,174,abrao
11361,37,,93,,58,,15,69,,40,34,73,151,,,269,1144,403,3320,2942,408,937,771,100,66,139,242,rabello
11352,92,,189,,141,,20,38,35,453,46,234,1737,354,81,317,922,243,1309,2377,579,997,516,192,177,211,72,cristovao
11341,117,142,463,70,618,71,171,484,224,960,288,574,1361,507,127,483,529,101,888,1701,166,113,135,109,193,409,337,alburqueque
11328,35,,2722,68,319,,,94,23,,,,124,54,27,3274,462,294,850,1508,218,86,811,130,46,65,70,encarnacao
11303,304,103,384,26,748,78,138,512,55,417,51,120,288,157,90,780,888,284,621,1570,992,866,626,143,470,534,58,coreia
11292,96,15,156,293,235,66,26,17,,183,,20,111,16,87,108,500,649,2416,3500,853,277,770,200,327,210,135,bravo
11278,86,,189,24,197,15,,71,33,352,106,97,334,76,50,191,1298,85,1187,2901,976,1410,731,185,217,232,213,pierre
11270,80,21,72,26,179,20,19,142,63,483,491,272,589,268,88,329,1829,123,1276,2796,545,605,297,118,170,265,104,ezequiel
11264,47,,2692,71,3348,3224,,61,,90,23,,24,,,82,41,25,708,209,186,76,212,,,20,75,picanco
11260,142,53,235,32,394,29,60,242,116,336,158,125,312,97,54,875,1214,226,941,2633,765,381,673,172,271,577,147,iliveira
11250,54,44,153,52,253,40,71,230,39,452,56,55,356,51,64,624,856,74,1214,3977,612,498,348,206,166,541,164,sabe
11246,60,17,54,,197,25,,35,,29,,22,102,24,,51,132,31,485,4068,2670,574,2050,145,281,84,79,castanho
11231,91,27,64,29,151,,54,91,111,244,123,164,957,112,39,507,3006,189,731,2266,614,496,306,134,158,449,110,margarida
11199,130,,,,54,,26,27,,,,,,,,59,232,970,176,2035,1266,1580,3807,195,325,201,21,rigo
11182,90,31,68,33,114,,26,105,113,397,176,185,683,170,54,427,2393,199,847,3053,548,272,188,161,269,424,150,angela
11171,83,40,95,33,258,16,22,95,67,346,251,174,718,147,78,282,1424,171,983,3425,661,456,525,116,209,360,136,simone
11163,34,,56,,130,64,294,164,226,219,264,500,262,114,28,1449,1732,201,1724,2469,287,115,307,34,129,240,106,tito
11129,89,,141,,28,,,,,25,,,,,,32,216,19,563,1767,671,672,3726,2805,233,60,22,cabreira
11124,50,,131,,73,,23,44,55,103,16,19,96,,,153,6322,466,1972,846,143,63,53,71,45,103,238,drumond
11116,60,,45,,97,,177,15,,,,,,,,109,3957,,51,763,55,37,68,200,274,4430,731,abadia
11108,177,42,129,19,214,16,32,220,171,452,293,217,736,127,50,443,2051,246,719,2285,622,374,134,175,409,550,205,paulina
11100,99,16,219,27,72,32,42,65,29,128,230,244,357,188,113,316,1798,352,1110,3188,677,572,454,159,155,362,96,emilio
11078,121,35,156,65,295,38,28,231,71,230,122,99,306,105,79,215,2590,284,1177,2495,648,422,171,144,309,458,184,cristian
11077,67,,99,,303,,58,27,24,379,426,865,893,242,176,516,1621,125,811,3081,466,239,46,69,122,272,139,venceslau
11049,156,122,377,79,572,24,204,648,268,691,274,431,616,115,241,1607,1336,233,538,1130,258,142,43,90,203,505,146,andrande
11031,259,,,,16,,,,,,,,,,,91,635,2126,190,688,1619,1990,3092,104,113,24,21,schultz
11029,82,,67,30,31,,,,,28,16,,20,,,40,519,71,975,5294,1074,226,529,1486,337,63,70,maldonado
11024,19,,20,,,,,,,,,,15,,,77,459,157,611,845,893,3236,4241,43,193,88,71,bauer
11005,18,10960,22,,,,,,,,,,,,,,,,,,,,,,,,,kaxinawa
10989,77,38,211,24,342,27,54,238,105,389,195,259,888,257,138,356,1183,108,873,2923,508,353,496,99,169,526,153,meli
10972,37,,103,,662,19,312,78,,83,486,532,507,740,101,1848,278,350,1704,1816,121,86,58,199,403,291,143,bulhoes
10970,125,,282,23,775,148,171,193,47,149,24,545,112,41,,544,1602,242,943,3052,602,160,454,188,150,177,201,barreiro
10943,40,,243,42,136,,,,,119,21,41,31,,116,249,5372,283,1311,1997,167,52,216,109,61,89,221,horta
10931,49,32,364,,221,,38,293,133,847,267,174,375,42,54,97,1666,134,1006,3252,350,95,208,386,125,510,191,belchior
10913,67,27,205,15,153,36,22,63,131,710,176,527,827,684,199,575,779,85,1414,2173,618,780,199,92,92,165,99,fausto
10884,165,,28,,84,,27,78,244,307,99,224,277,125,40,389,2008,233,940,3045,809,636,282,157,283,266,114,norberto
10881,69,,644,33,103,,96,180,96,674,94,228,246,127,31,169,1777,422,1350,2812,698,141,173,206,162,285,63,belizario
10881,73,16,68,15,210,,63,96,130,431,366,266,577,82,77,177,2635,169,1217,2250,316,84,63,108,187,969,226,darc
10878,208,,30,,227,,44,167,55,25,19,16,53,31,17,2037,2359,360,1516,1716,350,272,773,226,102,155,101,pedra
10878,103,,209,36,260,22,42,158,71,325,221,111,650,130,37,252,1951,159,1277,2677,584,391,94,274,238,434,158,thiago
10877,197,470,745,69,1390,183,147,345,57,1520,1111,937,266,15,26,139,239,121,480,1122,208,109,355,22,183,217,204,brilhante
10871,124,32,137,24,375,,80,290,86,337,373,371,566,272,157,452,1261,224,1007,2194,459,609,264,112,321,551,184,max
10870,129,54,84,70,289,19,29,143,106,297,133,109,547,144,39,269,1850,248,1147,2813,566,393,419,137,221,452,163,elena
10863,84,17,485,,117,148,33,85,267,667,,92,32,26,,122,957,1034,1082,3294,563,615,618,60,111,258,72,florindo
10835,81,29,36,,42,,21,34,,334,181,482,324,167,68,292,2319,163,615,3560,737,333,282,174,173,226,149,cassemiro
10832,151,117,537,60,579,56,78,528,78,555,228,249,351,179,89,269,1002,246,1086,1945,367,293,467,298,216,611,197,mendonsa
10823,40,30,33,35,153,,64,149,334,718,271,146,573,149,75,538,1537,184,1270,2701,357,232,374,144,122,386,203,ivo
10805,61,140,226,43,512,86,247,732,351,767,417,432,607,345,414,1944,587,64,206,1611,155,56,92,53,194,292,171,almeda
10766,80,33,238,48,160,,15,104,60,331,185,131,358,124,37,179,1773,82,748,2676,866,890,869,97,152,343,179,israel
10758,28,,304,,113,,21,296,180,2717,537,611,714,59,16,337,904,84,707,1792,367,217,108,105,87,262,169,irineu
10739,75,15,87,177,259,,61,277,282,683,296,103,522,153,82,277,1552,128,1083,2700,507,271,174,124,150,442,246,wilson
10674,40,,26,,38,,,15,,24,,,35,30,36,109,985,196,3605,3254,711,298,836,130,83,51,119,assumpcao
10659,56,,271,,166,19,128,,,,,,130,,443,2758,1285,25,387,1623,179,,,209,336,1917,638,montalvao
10646,92,26,29,,122,,17,81,59,547,301,72,407,88,30,159,1712,254,731,2676,575,515,719,845,189,296,85,reginaldo
10597,68,,,,,,20,,,,,,18,,,33,535,484,204,5644,2267,563,167,171,259,81,38,favaro
10577,54,26,15,,32,,,,,25,15,15,25,,,178,578,212,1043,6256,831,359,493,68,170,54,95,gallo
10559,20,44,151,25,136,16,32,64,22,95,189,406,1379,700,61,391,278,1220,2524,1634,190,260,265,44,60,106,247,lyra
10549,66,16,81,,268,29,75,126,65,139,51,69,120,33,36,488,1777,224,857,3264,642,418,747,185,188,456,119,diad
10536,116,95,170,43,408,19,170,502,384,825,221,177,372,274,56,999,561,100,611,2070,1008,254,152,139,231,389,190,maceno
10529,92,,49,,307,25,38,363,114,68,19,,116,36,383,3966,1070,263,515,1695,293,137,97,96,157,440,150,jesua
10517,32,,2184,48,460,31,58,109,145,414,132,25,600,87,457,1401,656,102,561,1710,350,258,47,240,116,188,101,liborio
10515,82,,226,,65,,,22,133,37,24,25,660,,297,1838,1051,593,1558,2456,296,568,159,70,18,157,150,lapa
10498,49,,266,86,462,48,67,1273,514,502,,153,188,59,,917,925,130,866,2020,317,299,695,49,208,253,122,mineiro
10490,47,,,,,,32,,,,,,,,,36,785,896,607,3175,1739,952,1589,239,195,89,47,zanon
10470,239,29,40,,176,27,67,81,126,721,337,1010,1233,523,43,205,1452,188,522,2238,361,93,51,105,201,270,125,teotonio
10448,87,78,177,44,429,54,109,409,141,437,200,245,798,273,45,591,1173,175,999,1889,449,210,376,128,331,479,122,sila
10437,51,18,43,,87,,,144,51,318,385,3494,507,41,,94,2230,96,726,1271,210,65,102,31,48,114,268,queiroga
10430,27,29,308,21,108,,48,124,226,1671,812,221,301,272,28,190,1380,91,1154,2105,317,69,59,58,133,401,268,otaviano
10426,91,19,166,17,337,40,63,203,50,243,56,132,214,68,80,1208,1374,243,822,2769,507,227,440,126,355,411,165,alneida
10413,111,21,104,84,203,25,93,158,133,929,226,354,697,254,23,482,910,372,879,2042,566,530,273,135,174,486,149,sipriano
10388,152,84,188,52,153,,33,166,87,471,184,436,217,183,43,404,1041,184,939,2872,810,482,260,269,202,348,124,crispin
10370,66,47,88,,167,,47,178,203,286,168,216,597,111,78,635,2107,195,1001,2448,341,181,149,93,153,578,214,amelia
10368,84,15,66,21,367,17,57,1380,353,780,209,201,155,46,311,556,611,386,1859,1311,168,142,536,53,179,204,301,anchieta
10364,59,,32,32,164,,59,124,215,1093,583,1153,1400,1479,68,195,389,34,579,1702,256,52,17,213,131,224,97,terto
10360,112,33,502,472,85,,21,25,,56,19,38,50,,21,109,359,35,621,5101,825,371,559,520,168,118,113,gutierrez
10349,124,,34,,106,,28,92,119,464,1188,2117,1097,375,30,150,781,100,924,1639,246,212,56,44,79,199,116,adelino
10349,111,31,96,38,241,22,22,180,137,524,377,203,891,200,71,207,1233,63,534,2714,899,510,247,119,238,302,139,diego
10347,117,,,24,188,,81,284,142,32,,,48,20,,77,2744,138,959,2270,960,568,150,48,141,1187,135,damas
10343,67,,810,122,195,,44,659,205,214,706,161,318,130,17,213,1989,163,1069,2031,502,109,159,46,145,116,136,leocadio
10337,96,80,121,17,94,,19,311,70,298,52,48,458,783,126,172,1083,64,2001,2366,420,115,871,208,157,127,174,salgueiro
10326,45,17,177,268,160,38,43,705,383,896,1327,1395,494,150,99,471,439,100,525,1349,278,277,153,116,68,222,131,segundo
10318,148,123,132,38,122,,39,163,107,762,257,497,658,346,137,565,1125,193,785,2031,598,332,210,231,311,325,76,domingo
10316,92,,,,179,,15,,,42,36,39,126,17,,143,742,327,1006,1972,1042,1249,2824,56,132,82,150,von
10312,49,15,66,30,204,16,54,200,170,200,380,28,47,26,120,799,1909,223,940,2984,660,95,129,236,320,328,84,catarino
10311,58,,,,,,32,,,16,,,30,,,90,571,599,503,4904,1126,970,883,176,133,91,70,conti
10295,66,17,815,1611,113,,,44,16,64,23,28,50,15,,79,329,41,395,3100,777,891,1267,171,135,124,96,hernandez
10261,132,28,193,,154,23,,35,20,87,227,638,757,86,23,265,1634,298,1500,2204,473,475,456,102,169,192,68,belmiro
10247,69,255,157,71,1084,23,30,1201,42,880,18,,20,,,241,971,103,1334,1098,249,201,986,676,153,181,188,almada
10235,62,,59,74,325,54,48,165,19,200,21,48,241,,,351,1262,311,1468,3201,686,212,726,113,169,201,192,real
10225,38,,,,,,17,58,,,,,,,,76,510,63,434,6933,1091,223,235,211,190,49,44,ricci
10214,81,,41,,74,,60,89,144,364,21,59,394,45,,196,1576,125,702,1740,574,1751,1629,155,180,102,87,bem
10213,30,,86,23,542,45,54,442,36,36,,79,32,,,92,564,115,1502,4730,896,130,275,99,121,142,112,carreira
10213,61,16,509,602,204,33,32,126,63,266,54,137,164,76,37,287,1176,404,720,2187,584,732,551,201,153,642,196,marquez
10203,51,31,36,,208,,47,304,187,87,35,164,437,29,130,1540,891,141,699,3135,511,219,281,208,368,247,205,roma
10191,106,114,253,68,574,83,134,498,221,662,166,402,704,292,152,1698,658,259,417,1179,237,83,343,93,213,382,200,moureira
10185,34,,,,61,,48,,,,,,,,,28,2619,66,220,2244,92,42,,301,666,3349,360,carrijo
10184,75,24,422,23,252,,46,110,188,629,131,111,317,139,79,420,1265,254,904,2842,581,257,157,148,212,405,182,rubens
10182,77,34,178,16,342,42,79,246,75,373,86,128,369,127,33,563,1422,199,827,2740,529,228,312,155,304,554,144,ferreura
10176,34,,234,,121,,27,,,19,17,18,38,,,108,224,31,170,6748,1525,167,51,285,158,93,89,tanaka
10175,54,,,,80,,34,,,58,,22,27,16,,34,2082,832,723,3340,570,675,286,60,118,1059,80,tristao
10169,126,32,197,35,490,59,151,599,148,349,175,156,308,171,173,1407,1178,242,874,1725,294,141,187,106,236,392,218,costas
10169,38,,84,120,63,,22,,,,,,,,,49,169,20,450,1767,751,295,4117,1821,214,63,60,quintana
10149,68,33,64,31,120,,39,130,94,498,219,124,717,125,69,158,2086,104,614,2465,641,481,433,102,190,411,121,adriana
10138,,16,839,,1105,26,,87,18,437,29,36,37,42,,79,4316,122,1123,979,401,61,51,16,46,100,146,perdigao
10136,106,64,140,16,176,,77,176,103,833,386,484,949,316,142,470,744,184,738,2296,430,343,98,87,173,457,136,florenco
10131,24,37,2834,73,414,63,,26,,92,152,137,257,134,,2623,134,49,655,1301,123,468,,90,91,182,135,barauna
10121,108,,137,,97,,30,122,95,927,657,1578,1183,547,87,501,1041,158,651,1385,130,100,21,68,152,215,104,noberto
10106,79,27,70,28,209,36,,93,40,170,458,191,1264,164,51,124,1582,59,491,2997,718,313,127,116,186,330,171,priscila
10064,35,62,726,50,124,,26,52,45,6336,117,70,135,,15,67,144,27,712,761,96,56,130,42,46,53,119,girao
10053,96,56,351,,144,,239,89,67,1160,225,52,203,223,52,747,1730,212,1009,1594,379,61,88,105,200,669,287,crisostomo
10041,20,,39,,3502,78,31,21,200,172,90,275,25,,,231,1276,24,683,1223,325,1142,139,25,27,332,131,pamplona
10013,149,84,202,18,489,39,75,339,159,560,121,170,404,358,324,1289,669,238,734,1978,420,213,113,94,256,413,105,anjo
9995,15,94,598,38,384,76,48,7002,36,30,,28,345,41,,39,81,24,342,343,19,40,26,,31,135,163,lindoso
9992,125,55,210,21,301,17,97,462,202,538,92,266,308,222,161,574,1181,239,930,1823,404,286,449,140,205,537,147,veira
9975,38,32,82,,120,,53,103,427,610,41,153,2435,249,37,576,375,64,1528,1636,235,124,368,204,151,184,139,granja
9965,,,,,36,,,,,,,,,,,61,317,91,173,1393,1161,2937,3398,54,211,49,37,girardi
9960,162,77,218,145,291,18,56,157,34,230,144,295,516,104,39,258,1227,213,612,2512,946,403,275,148,292,495,93,enrique
9952,42,,75,35,136,17,19,61,33,132,93,116,228,56,34,165,981,52,531,1879,925,1106,2619,116,172,236,86,michel
9951,106,,215,21,220,,73,128,94,529,139,105,139,54,25,201,1821,267,1359,2370,539,194,369,99,227,508,135,cristino
9940,36,35,77,53,692,32,87,943,282,132,70,142,641,299,218,1992,423,181,1278,1253,121,116,214,57,176,305,85,cinceicao
9929,103,,217,21,130,,30,240,22,88,28,50,63,,42,930,4278,287,334,1145,138,25,44,138,183,1084,295,leles
9918,107,49,283,19,442,42,64,228,127,444,223,206,748,214,40,465,838,147,841,2211,445,278,588,102,327,343,97,davsilva
9914,52,,570,44,43,,,34,,87,63,34,464,3925,93,407,399,308,1333,1401,157,43,76,161,66,48,95,calheiros
9897,50,,115,,152,21,26,134,133,161,128,279,193,36,28,349,1196,176,1147,3445,430,977,164,120,136,177,107,martinho
9888,79,21,158,,136,,42,88,78,768,393,1466,1454,349,31,246,1030,210,744,1732,127,56,,79,123,347,117,salvino
9886,20,,111,,8188,127,15,76,,29,,,,,,,52,17,109,176,113,648,19,,37,79,21,aviz
9886,47,25,644,,157,,25,17,39,249,72,205,109,169,59,169,1959,194,650,2879,788,771,143,118,45,199,150,eleuterio
9878,95,,16,,32,,16,21,,,,,,,,22,480,46,361,3006,1420,2091,1709,129,313,39,53,bressan
9871,88,15,101,17,181,33,25,158,120,130,306,248,1028,201,92,165,1969,59,223,2176,685,199,108,210,435,731,168,gabrielly
9870,28,49,401,36,262,21,49,371,83,196,104,152,1039,76,134,380,862,285,2120,1973,248,89,359,77,121,261,94,fonte
9865,,,,,,,,,,,,,,,,,2197,,28,6994,368,58,18,42,35,56,,donizeti
9841,78,,127,,180,,,38,31,101,68,33,192,63,23,272,381,216,660,744,762,1763,3540,105,261,89,88,hermes
9836,125,19,231,,133,,43,25,64,286,77,459,222,155,143,206,2050,660,921,2089,613,808,66,69,105,197,68,eleoterio
9832,36,,29,,95,,,479,40,352,43,431,358,21,22,16,37,,239,1274,4285,1601,234,29,47,47,84,colaco
9829,80,45,135,117,289,133,44,245,93,352,140,131,387,100,38,326,1290,209,1931,1541,486,594,284,115,182,371,171,charles
9829,61,,185,,498,22,,437,1105,47,15,28,180,175,,222,3437,113,754,1105,173,144,754,40,83,94,134,lages
9811,118,,,,34,,17,,,,,19,,,,43,246,667,660,1524,1454,1857,2812,89,129,54,34,schimidt
9805,43,356,78,63,112,,55,95,59,688,50,56,384,58,34,416,2402,207,985,2208,291,534,54,62,108,301,100,dimas
9796,46,82,45,,169,,108,109,394,537,97,227,1065,329,41,222,1357,252,941,2370,628,82,39,97,217,254,84,vitalino
9758,55,,165,,21,,,23,28,595,452,1326,924,689,23,342,835,57,939,2511,189,61,31,130,95,161,80,martiniano
9756,70,54,243,96,279,24,52,362,41,874,52,396,180,46,85,1222,1882,228,1518,1121,192,114,96,87,40,180,222,filgueiras
9745,37,,22,,142,,41,,,,,,,,,738,1712,49,536,376,227,190,3455,46,118,1825,193,faleiro
9741,87,120,303,77,559,44,141,410,190,924,318,388,843,308,126,736,321,55,601,1847,180,56,47,149,205,434,272,calvalcante
9734,129,61,135,34,257,,94,177,131,781,260,242,669,337,84,424,1247,238,707,1872,554,244,36,129,244,533,101,onorato
9723,31,29,288,112,223,17,16,230,73,209,137,78,264,51,37,287,1236,194,1855,2444,400,287,364,124,173,398,166,abraao
9718,30,,,,21,,,,,,15,,40,,,,79,28,292,249,558,893,7299,42,53,33,23,castilhos
9705,63,,611,47,649,338,139,701,923,228,,17,309,,33,2674,631,102,548,639,152,73,201,33,44,309,217,barcelar
9695,79,33,182,40,505,55,53,389,103,364,109,172,497,259,69,671,1343,209,845,1914,460,221,238,134,224,389,138,ferreia
9679,102,96,100,67,66,,,45,,122,145,168,332,67,85,349,1241,340,1569,1969,862,1114,182,181,119,256,87,damazio
9655,59,22,232,59,98,,,39,139,347,520,353,458,284,85,186,1275,299,1072,2627,374,428,76,135,92,330,51,horacio
9653,,,,,67,,46,,,,,,,,,20,2564,,42,972,115,,21,62,225,5123,320,cruvinel
9639,101,,,,,,16,,,,,,,,,30,565,208,327,3621,1213,1554,1496,66,241,60,83,bianchini
9633,146,89,142,32,459,45,50,93,78,125,68,68,289,55,39,377,1112,294,753,2197,1101,491,668,253,293,217,99,gonsalvez
9628,67,,21,,28,,36,25,119,24,,,,,17,544,1795,32,106,3863,1619,239,218,65,461,208,109,sene
9588,45,,958,28,345,,41,189,25,525,90,375,364,105,,154,409,131,321,2060,911,348,1517,266,97,112,149,rolin
9587,26,,32,16,49,,,30,37,38,,29,109,23,24,232,309,111,1844,1955,1134,641,2526,80,110,46,164,portella
9581,47,,379,,132,19,,99,336,849,235,600,483,397,164,597,891,179,1124,2013,249,302,30,49,70,231,95,satiro
9546,90,92,171,29,108,,40,81,,977,43,109,524,28,31,204,1256,324,1221,2330,623,384,234,106,125,303,98,lauriano
9545,103,61,209,32,305,43,50,268,136,511,214,203,348,129,108,834,1143,156,878,1919,433,178,330,142,185,466,161,oliveirq
9517,28,,169,189,34,,,,,40,,,29,18,,93,359,195,1363,2974,1107,949,1393,113,113,176,134,thome
9506,73,31,418,334,135,20,25,49,16,108,55,254,236,34,38,183,459,78,826,1915,589,486,2173,468,187,156,160,leon
9474,15,,87,25,392,109,24,1145,4104,1067,19,18,55,,,67,117,18,285,479,32,69,,24,52,391,859,galeno
9461,175,192,428,75,808,46,262,946,348,566,339,192,489,106,64,748,579,119,506,1267,236,113,111,73,248,304,121,cavalho
9457,125,81,438,79,540,34,163,523,119,506,57,62,173,74,181,1366,774,150,554,1707,361,136,223,170,273,429,159,mato
9453,79,,78,17,209,,229,322,128,41,29,,22,,,196,2133,53,154,1139,249,46,33,141,456,3378,287,divina
9452,477,23,135,107,60,,,56,,58,18,56,113,16,59,299,226,50,617,4457,568,263,441,753,400,106,72,duran
9447,126,39,164,,125,,91,95,75,670,212,821,335,120,17,210,1029,256,1306,2436,335,120,77,131,120,319,203,casimiro
9446,30,101,94,20,200,,237,787,1160,190,15,,784,114,433,291,344,98,534,1378,190,239,1422,242,174,153,203,vilanova
9408,,25,93,52,216,,43,38,72,223,31,91,255,347,69,2546,508,99,1078,2651,308,151,99,118,64,121,96,pita
9393,29,,20,,29,,15,18,,44,40,25,109,23,18,63,1391,56,228,4040,672,772,1282,90,141,198,66,stefani
9383,86,147,366,48,355,202,25,1513,342,464,67,110,225,36,19,958,415,130,517,1568,277,200,483,79,138,461,152,verde
9377,60,,328,180,,,,21,,,,,18,,,97,177,16,206,689,1034,4349,1674,145,96,46,189,cordova
9372,31,,,,35,16,,,,,,,,,,28,393,42,212,3704,1366,1359,1686,106,184,122,43,zanini
9365,39,,,,28,,,,,22,,,32,,,33,792,197,396,445,1137,2346,3403,185,145,40,52,werner
9358,55,,,,108,,,,,,,,,,,19,39,22,278,360,1027,1351,5554,104,231,57,88,ritter
9356,120,99,467,57,474,25,112,340,69,619,193,243,304,116,24,2063,818,79,292,1499,205,76,54,150,227,456,175,queroz
9349,26,,,,26,,,26,,25,,,,,,26,66,17,209,335,930,1330,5840,133,250,47,29,bender
9349,69,44,462,37,271,,27,252,213,62,22,24,86,37,30,176,2983,217,487,2624,485,89,66,52,89,219,212,perpetuo
9348,41,18,111,,81,,32,272,140,823,433,580,679,630,38,374,688,466,1240,1794,320,58,,50,98,257,105,aprigio
9347,38,44,88,28,126,,85,34,28,79,277,110,422,465,270,853,443,241,737,1899,775,313,352,118,291,757,470,vasco
9341,115,34,258,59,384,16,107,317,108,243,161,179,642,114,84,467,570,113,686,3143,471,123,272,169,168,217,121,torre
9340,67,15,59,34,156,,29,234,305,198,92,206,936,115,36,545,1690,156,635,2140,560,253,175,80,196,333,82,joana
9292,65,107,67,,59,,,24,44,106,39,59,177,36,22,81,428,177,425,1138,1785,2201,1798,133,131,85,80,walter
9288,33,,31,,122,,84,202,285,324,37,1764,370,89,676,1465,226,141,762,1972,115,29,20,72,35,122,298,mangueira
9284,,,136,30,7178,276,28,533,,55,,,,,,,82,,217,186,53,220,25,,43,104,52,raiol
9283,58,,15,,22,,,,,,,,,,,17,63,,69,1620,2213,949,3733,143,251,36,19,brizola
9281,46,,,,41,,,64,28,165,133,294,87,48,27,159,2482,301,886,3186,547,174,73,118,94,208,79,egidio
9270,64,,35,,46,,31,37,29,119,84,69,141,16,15,168,5612,176,421,1183,221,24,21,47,136,447,116,geralda
9269,96,157,424,87,684,15,15,155,93,3545,48,157,1871,45,40,59,92,143,196,519,62,39,,231,163,106,213,tabosa
9264,28,,,,17,,,,,,,,,,,61,405,,75,4256,2647,265,671,125,212,410,54,furquim
9255,33,,667,,988,127,,29,16,,,,158,,,813,1735,226,1936,1527,128,70,418,23,40,102,137,moutinho
9211,74,50,134,62,182,25,25,152,118,540,307,194,593,129,31,237,1950,115,546,1939,382,265,259,124,183,413,182,ester
9202,67,19,108,17,240,,28,133,79,652,275,259,661,123,96,266,1128,131,644,2651,460,214,165,108,192,293,180,fabio
9198,21,,172,,81,27,,,24,22,15,21,90,65,,389,1130,314,2851,2542,375,178,284,120,158,119,160,matta
9192,52,,80,52,27,,35,,29,55,20,,116,30,19,278,278,169,1067,3335,685,696,1404,316,154,105,160,villa
9168,42,89,83,,163,24,19,93,74,649,533,252,815,472,75,687,1302,140,447,2006,445,99,40,107,94,352,59,ciriaco
9165,244,27,150,33,409,47,78,306,154,439,71,128,291,66,45,631,1206,312,676,1732,503,208,294,204,311,461,139,goncaves
9163,175,102,140,51,318,30,104,124,50,129,40,133,343,112,176,801,669,173,485,2875,281,113,141,367,421,658,152,barretos
9146,44,29,72,,139,,22,116,70,304,184,174,651,99,31,148,2790,113,449,1885,472,215,65,112,233,533,168,flavia
9127,89,58,220,29,411,43,59,315,188,339,207,210,657,181,54,523,801,167,956,1691,413,234,441,169,197,395,80,dq
9127,,,63,,8874,,,,,,,,,,,,,,,,,,,,176,,,munduruku
9123,49,,,,29,,28,86,,,,,20,48,,2997,429,30,739,2607,340,48,38,98,93,1187,205,cotrim
9122,21,,15,,29,,,,,26,22,36,85,,,45,695,165,1183,5346,548,241,289,85,68,86,104,paschoal
9112,61,,,,53,,,,,,,,66,,,63,1802,363,4320,1330,421,175,77,30,24,47,206,werneck
9107,68,27,98,,189,,48,114,48,315,90,87,143,46,38,614,1282,152,741,2607,624,291,663,113,186,404,105,oliveirs
9073,37,,94,15,503,,31,42,,23,41,59,71,,,101,703,74,631,823,490,1000,3564,201,134,271,112,figueiro
9070,70,,,,32,,19,19,,19,,,,26,,45,303,510,204,3137,1465,671,1941,172,271,77,39,ferri
9047,78,,34,,60,,,26,31,147,43,118,134,41,,34,1106,108,706,2088,1471,2012,331,100,143,160,34,geremias
9040,49,,30,,107,,,1473,,,,,15,,,15,62,50,319,165,122,291,6136,48,22,20,69,guterres
9033,33,,126,25,131,,44,211,61,252,124,223,814,84,44,319,2677,328,952,1032,209,354,199,52,77,435,217,filipe
9030,116,,30,,120,,,42,61,51,132,76,345,64,28,104,811,205,137,3168,1477,541,430,330,425,247,43,gabrieli
9026,274,,,,52,,,,,,,92,43,,,28,6065,265,952,767,65,51,64,17,60,62,112,quintao
9008,302,,,,138,,,,,72,,,,,,35,411,1767,243,495,844,1157,3115,69,185,36,55,braun
9008,109,98,215,31,387,24,111,262,142,397,176,173,500,121,38,499,994,186,929,1934,332,156,299,117,179,442,157,gimes
8997,,,65,,263,,,15,,23,27,25,84,24,,261,1560,284,2381,2491,285,136,607,32,74,131,179,penna
8996,159,71,197,22,644,19,70,626,109,287,82,116,319,56,39,486,902,125,580,1236,617,415,737,195,340,417,130,perera
8991,69,107,293,66,545,73,47,433,197,731,283,326,698,162,205,975,450,192,807,1420,201,98,102,79,131,219,82,naacimento
8983,101,16,34,,105,,35,65,103,181,47,158,235,77,52,463,517,195,336,3551,657,471,979,162,174,161,82,martim
8972,61,24,64,28,362,76,31,4681,48,70,16,92,147,,15,88,192,78,445,548,453,561,360,,83,180,261,jansen
8969,50,22,82,19,235,,21,94,107,736,402,207,1112,214,51,232,1161,89,518,2229,364,281,123,83,119,278,129,edson
8968,101,20,123,,43,,55,74,55,268,163,112,157,176,37,228,1362,144,1299,3069,485,290,85,143,135,260,75,virgilio
8965,47,45,19,89,77,,22,56,44,121,101,188,542,80,,118,1016,170,677,3360,791,575,365,67,126,193,57,rodolfo
8958,25,,,,57,,149,,,,,,,,,30,3681,21,535,1738,282,51,79,87,92,1385,677,marra
8952,21,,,,16,,,,,15,,,,,,50,479,,47,2935,2173,1056,1625,159,229,49,36,zanin
8924,43,,,,43,20,,,,25,,,,,,36,2462,202,2946,2178,343,56,150,28,58,145,139,tostes
8921,294,,,,37,,,,,,,,,,,22,143,1563,203,588,1025,2121,2480,118,188,30,39,schulz
8914,57,,,,30,,33,,15,,,,,,,,138,,171,1580,1363,1736,3095,173,363,41,63,zanatta
8908,105,,22,,,,,,,,,27,21,,,59,853,182,456,1561,1016,1294,2898,64,155,65,48,keller
8905,,65,255,18,5369,229,,30,,45,,,,,20,41,273,283,983,557,134,129,245,,58,64,64,lameira
8887,86,35,63,27,253,17,50,261,213,513,479,374,633,121,39,282,1100,169,532,1761,357,537,333,62,93,276,221,gorete
8884,21,,78,21,5377,104,27,187,52,73,25,28,97,,,89,869,31,393,741,132,170,36,,88,120,88,brigida
8883,26,,,,130,,113,208,513,,30,,138,21,16,3337,739,177,237,2153,199,62,269,32,93,181,181,abade
8881,57,,61,16,158,17,,86,53,227,122,123,750,104,22,107,1417,92,566,2995,683,270,241,146,193,249,99,renata
8880,83,,27,,111,101,51,372,41,15,18,168,180,27,24,435,520,215,679,2486,525,491,1340,82,105,459,314,corte
8880,64,,,,51,,19,45,,,,,,,,,713,162,279,750,528,1177,4373,186,164,272,48,goularte
8865,,,,,45,,20,,,,,,26,,,205,100,50,149,648,1161,2624,3388,68,204,91,44,koch
8859,83,121,237,53,526,33,126,754,355,708,277,387,551,176,65,945,576,108,425,1291,131,72,97,83,163,338,178,arujo
8853,108,41,132,17,148,36,32,87,85,595,251,642,576,248,53,270,638,249,932,1932,514,368,161,143,145,292,158,gaudino
8832,82,17,77,,155,23,15,73,53,133,137,120,629,109,102,382,1899,220,660,2025,719,349,183,137,185,257,79,izabel
8817,65,,44,,26,,,41,,17,,,20,,,42,461,71,717,4294,1781,684,232,52,87,89,51,bianco
8817,81,22,,,,,,,,,,,,,,18,46,282,37,440,3430,2941,1141,181,144,16,,sutil
8799,96,37,132,,281,,51,179,110,337,124,116,247,79,77,793,1170,198,757,2026,482,218,382,115,210,423,136,oliveiea
8795,81,,,,,,,,,,,,,,,32,377,623,194,3399,1558,1138,931,141,150,79,24,calegari
8790,56,,,,29,,,,,,,,,,,26,404,339,260,2433,2507,734,1642,89,120,48,41,bonato
8786,44,,24,,105,,202,,,15,,,25,,21,2436,73,51,76,2912,248,65,86,408,314,1516,128,adorno
8777,79,42,270,37,527,70,118,420,169,555,175,230,416,144,90,1305,614,152,369,1454,290,122,269,164,149,366,181,cena
8777,25,,77,35,98,,33,58,55,2171,527,1210,873,601,61,93,351,,557,1300,97,198,58,39,48,121,62,teodosio
8768,108,43,84,87,187,21,37,249,121,294,195,107,349,72,42,205,2265,139,588,1740,471,263,107,98,250,487,159,pablo
8763,77,63,699,764,103,,,26,29,50,24,37,71,29,26,70,317,53,443,2309,930,485,813,982,146,83,121,ramirez
8760,51,,,,22,,,,,,,,,,,,42,,101,243,1540,3662,2689,83,175,21,67,back
8758,80,26,125,23,271,17,166,315,150,318,74,115,225,72,24,564,1122,159,600,2307,380,305,321,126,219,520,134,pereura
8755,29,41,59,24,83,,59,109,122,301,213,378,1104,150,169,627,1131,162,831,1849,265,149,134,103,155,321,178,virginia
8737,67,,91,,261,,38,77,23,814,132,461,252,48,,410,1299,450,1073,2101,420,56,146,41,118,253,85,carolino
8731,37,,46,19,85,,21,80,201,855,444,277,502,472,85,560,1413,68,879,1690,288,141,79,80,111,155,140,higino
8726,75,,165,335,60,,72,49,72,128,69,165,558,108,35,391,2232,183,955,1981,346,106,66,104,123,253,91,aniceto
8708,,,72,,126,,,,,21,,59,1028,4601,68,122,88,32,396,1699,102,26,,45,86,34,45,omena
8707,33,25,427,,199,,,52,171,221,33,138,270,35,54,191,2074,129,640,2342,546,188,269,108,80,344,115,cornelio
8705,45,,17,,1203,,18,,,145,,,61,57,388,318,642,682,1101,2486,352,405,483,21,54,89,81,cravo
8681,103,28,342,28,37,,16,,,,39,,30,,,451,3039,545,621,2066,270,67,540,56,81,194,102,benfica
8676,,,40,,47,,,,15,,,,,,,76,59,,92,496,1047,2380,4015,72,201,43,34,jung
8666,17,,130,,7208,468,,37,,20,,,17,,,18,31,20,149,168,30,150,17,,,101,33,favacho
8645,33,,,,19,,,,,,,,,,,16,554,19,77,5984,829,617,51,206,112,52,36,crepaldi
8642,39,49,56,21,34,,18,36,19,681,424,728,498,261,37,160,1021,315,645,2178,564,343,89,76,68,232,43,juvencio
8642,80,27,158,25,277,,127,360,188,298,77,174,267,68,26,619,1146,235,715,1907,358,243,296,108,181,523,148,pereiea
8641,93,,107,50,113,,38,206,221,996,229,197,629,278,39,167,1241,198,651,1979,526,83,74,90,106,242,73,simiao
8635,49,103,965,18,110,,34,121,193,410,137,41,221,376,41,460,617,139,841,2687,221,50,346,169,64,101,113,soriano
8623,57,,104,,66,,36,40,106,139,143,72,278,88,20,219,1094,182,991,2304,679,956,682,82,96,100,73,leopoldo
8618,30,,75,65,39,,34,,,17,15,,32,,,83,295,23,259,5694,1052,117,79,262,113,125,174,nakamura
8611,18,,113,17,3984,634,33,58,29,54,25,,60,101,217,738,307,40,392,533,107,79,606,26,19,348,59,pureza
8610,28,,,,42,,,,,,,,32,,,43,20,,57,141,691,1107,5874,318,109,47,,bairros
8610,26,,18,,134,,20,75,,,56,,79,,,71,413,40,753,5196,754,92,372,197,108,123,45,galhardo
8604,63,22,37,,305,27,21,49,64,204,228,142,440,51,36,378,1331,121,1000,2530,490,299,189,87,91,272,121,sueli
8598,42,,170,,19,,22,73,100,35,47,,36,,29,131,1233,29,1085,4192,471,197,160,90,78,168,164,cury
8581,36,17,104,36,183,,102,265,154,122,,83,281,84,,670,658,203,908,2963,546,193,376,112,121,170,163,rio
8580,62,,32,40,57,,,22,,15,16,15,17,,,85,385,167,331,3461,1525,635,1037,242,299,63,43,santi
8578,40,,,,26,,17,,,,,,,,,32,188,319,212,2007,2469,1539,878,256,318,211,28,volpato
8568,116,104,109,18,661,55,124,98,16,1293,37,47,74,148,154,342,1898,103,631,1460,302,193,52,57,189,232,55,acacio
8552,83,36,131,122,44,,21,53,31,102,49,63,108,41,,173,352,33,271,4142,897,272,503,619,234,97,59,goncales
8550,21,,660,,436,,440,87,16,68,,16,417,80,20,511,307,30,273,4277,113,46,79,61,103,280,195,cursino
8547,33,,37,,243,16,27,43,,,,,20,,,122,188,,184,5465,1185,80,58,137,110,317,238,watanabe
8540,67,30,155,37,233,22,22,306,116,286,206,195,871,220,63,169,1077,135,310,2226,623,273,143,106,199,317,133,bianca
8516,196,70,172,49,449,36,116,421,147,440,106,148,323,106,77,625,834,176,439,1534,466,189,296,190,340,442,129,rodrigue
8514,78,,547,21,257,30,56,299,97,933,19,269,619,741,28,282,661,789,357,1405,324,178,60,126,134,148,46,clarindo
8514,21,,,,,,,,,,,,29,40,,113,384,681,682,4587,628,306,527,136,82,157,62,rizzo
8493,80,,71,38,221,15,22,88,62,279,157,148,617,157,51,189,1141,76,651,2279,628,461,361,113,183,261,133,alex
8471,156,102,62,27,224,,57,254,173,1261,114,205,408,75,90,587,698,145,555,1610,385,284,218,133,130,319,185,olinda
8460,26,,,,66,,20,21,16,107,87,295,904,107,16,148,2744,83,915,2072,210,116,59,98,70,179,86,heleno
8456,74,39,339,25,423,16,48,310,138,540,176,174,433,108,41,469,593,77,511,2151,492,218,296,84,166,363,152,lma
8443,51,,115,22,279,20,116,228,128,219,41,57,144,33,42,571,979,155,790,2118,673,324,381,132,173,476,163,rubeiro
8437,75,21,39,18,132,,36,89,76,378,223,135,644,161,37,172,2045,108,540,1935,382,249,210,91,147,370,120,luciana
8431,,,153,,150,,,,29,,35,,156,48,513,4603,233,32,256,1668,122,23,,43,177,74,51,varjao
8430,54,24,70,15,192,,49,313,52,139,206,104,321,97,241,725,1862,164,730,1265,349,121,394,102,129,451,247,fonsceca
8406,77,,149,19,165,,36,45,59,501,139,622,481,230,33,155,1585,164,975,1727,335,229,94,177,159,161,77,antero
8396,89,30,223,45,416,33,124,382,213,432,86,104,176,50,35,393,1024,158,562,1723,378,208,403,108,201,641,159,rodrgues
8394,68,20,198,48,410,25,106,357,120,290,115,157,329,103,38,487,1140,117,613,1423,399,213,298,149,309,758,104,pareira
8391,44,,,22,31,,17,15,,,71,44,21,,,,2849,161,617,2842,722,235,21,106,121,312,88,flausino
8376,63,23,85,,209,,20,123,92,258,198,246,983,141,68,192,1181,57,338,2233,629,325,108,92,197,383,116,heloisa
8361,60,52,202,75,94,,,60,63,753,302,440,692,302,91,218,508,157,418,1760,663,768,175,97,152,208,39,augustinho
8359,109,47,742,30,588,53,73,377,126,202,72,100,391,104,58,373,673,112,655,1616,427,208,383,122,195,414,109,maraes
8357,87,,140,,55,,43,49,41,98,61,55,325,50,34,342,1761,129,636,2547,601,233,201,134,125,481,113,cecilio
8319,129,70,417,68,1050,178,44,389,160,223,134,133,298,70,26,245,471,134,976,958,329,451,526,110,466,193,71,moras
8316,75,,,,,,20,,,,,,,,,67,211,388,112,472,1767,1637,3168,109,178,27,24,maier
8286,55,32,126,23,285,34,81,225,123,373,88,150,410,111,43,464,1215,195,707,1908,451,134,224,91,180,400,158,ferreiea
8259,51,,209,203,26,,,,,24,,,27,,,23,195,15,188,3984,934,346,1111,685,107,55,33,cabrera
8257,114,36,155,19,157,42,83,174,158,223,53,99,273,52,69,479,1855,178,637,1429,372,428,188,162,148,507,167,custodia
8254,,,37,,20,,,,,28,30,,60,,32,263,405,356,3033,2605,338,273,487,49,30,36,110,anna
8250,31,31,39,,68,,,47,330,18,,,,,,24,67,344,131,523,848,3625,1817,48,113,15,90,bona
8243,75,30,102,36,231,21,,185,84,457,338,167,1296,259,83,165,998,20,292,1787,537,281,136,91,159,272,127,larissa
8206,49,15,81,16,250,,,98,117,68,51,77,131,46,16,182,1471,151,646,2716,599,521,451,70,109,172,85,celso
8205,36,16,2431,48,4426,157,,,,,,,,,,,80,,576,151,33,78,15,,20,57,28,cordovil
8202,51,,15,,,,,,,,,,,,,,56,,54,6358,1259,143,,86,127,,,carriel
8201,20,,51,,82,,25,740,360,63,33,,477,52,,261,1555,62,1151,2471,169,72,29,106,55,174,168,viveiros
8199,48,19,119,23,242,,43,135,84,244,144,147,523,144,35,368,813,92,724,2409,314,226,415,115,213,467,83,silvw
8192,53,,,,307,69,30,17,,40,,16,,,,139,4642,325,364,1193,112,68,84,73,76,389,135,otoni
8184,92,,67,75,267,53,,17,,30,,,,,,98,787,31,323,4036,880,205,269,529,137,97,140,carmona
8180,51,45,141,25,358,29,46,317,111,350,215,199,746,226,49,508,812,129,700,1665,318,137,275,105,205,282,136,silba
8177,,,106,42,5844,1173,,,17,19,,,,,,30,41,,188,435,63,62,,,,57,36,pastana
8177,52,,131,,228,,50,139,108,334,50,89,156,43,22,220,1064,154,633,2379,466,290,692,106,188,424,130,rodrigued
8176,22,,136,,57,,30,,,,,17,33,22,,50,419,139,170,4828,1130,204,279,193,95,177,120,mori
8165,41,,,,34,,,,,,,,,,,,46,38,23,542,502,1069,5515,55,208,21,30,boff
8165,29,,,,76,,,,,,,,,,,,84,,48,121,1841,4404,1107,151,211,30,,meurer
8161,149,16,54,,187,23,32,99,48,277,155,103,219,86,37,208,912,207,565,1503,827,614,1115,126,263,230,92,vagner
8156,48,,35,19,42,,,30,20,155,102,38,153,56,32,157,1156,106,679,2946,984,309,387,152,154,257,110,juliano
8155,108,,15,,,,,,,,,,,,,,89,22,24,1092,1446,2072,2836,71,240,48,35,grando
8153,39,15,48,16,95,,20,89,109,206,117,130,373,57,28,173,1631,116,573,2466,429,351,450,75,134,288,119,elisa
8144,16,,,,,,,,,,,,,,,79,153,177,164,4135,1626,826,679,84,57,68,28,poli
8144,70,38,82,19,201,18,38,133,78,125,83,161,698,129,33,226,1722,130,701,1631,395,191,71,153,355,589,74,sebastiana
8141,37,,51,19,204,,21,81,103,,16,23,364,162,,100,700,23,471,867,2002,511,1887,143,184,98,42,pilar
8131,68,,100,,265,,127,276,202,756,515,1034,1168,510,142,567,489,121,235,767,206,62,,78,93,215,102,viturino
8121,77,40,149,32,252,18,59,229,141,429,259,310,975,310,56,414,689,101,676,1613,278,158,226,87,145,304,94,silv
8118,29,,,,95,,62,81,238,156,574,483,132,,19,706,1535,172,474,1322,235,159,1227,25,103,164,92,rosado
8116,147,,,,36,,,25,,,,,,,,43,459,2247,170,2564,677,1100,394,57,95,24,34,gava
8096,456,,32,32,305,,,36,,,,,15,,,25,3566,807,844,1214,270,74,92,22,172,41,32,laia
8086,79,323,198,,388,209,21,60,100,3315,112,315,300,289,32,179,113,20,499,902,127,61,56,143,30,116,91,juca
8060,69,26,148,28,339,24,119,265,185,354,63,89,148,48,51,642,996,229,667,1667,475,229,291,149,168,420,171,robeiro
8058,30,,20,,15,,,,,38,,,51,32,,140,306,79,653,1420,964,1938,1995,70,165,45,50,meyer
8057,21,,,,16,,40,,,,,,,,,16,36,,27,1122,1480,2340,2404,110,275,76,35,santin
8053,28,,147,60,173,,28,164,21,36,,32,67,,24,336,1547,267,2683,1392,193,82,106,212,100,208,114,nazareth
8050,79,,,,23,,,,18,,,,,,,24,157,63,133,546,932,3337,2389,41,170,48,29,zimmermann
8049,84,,21,17,,,,,,15,17,,54,,,20,516,456,202,1886,1235,911,2088,149,236,51,41,carli
8047,56,,85,132,109,,,198,417,411,99,158,383,120,36,124,1285,140,1050,2071,584,103,70,67,63,169,93,simeao
8028,172,33,60,43,124,,37,74,28,78,15,27,66,,,177,466,871,383,2893,607,213,558,482,321,220,58,marim
8019,103,40,106,27,323,32,23,207,140,380,264,204,678,155,95,261,891,36,362,1739,604,376,236,103,220,292,122,luan
8003,46,,76,69,261,,70,257,135,782,64,721,610,257,35,430,715,88,457,1609,349,165,115,80,120,332,147,alvino
7988,64,29,450,45,419,,398,244,214,365,308,330,544,33,28,1029,435,137,435,684,111,233,196,59,151,766,273,reges
7980,17,,,,32,,,,,,,,56,28,25,108,1332,151,2126,2724,298,111,379,125,84,109,189,villela
7968,78,23,46,16,75,,38,105,116,246,122,136,425,77,46,319,1733,158,826,1990,307,125,89,128,143,453,134,eugenia
7958,32,42,132,25,49,,42,388,58,771,460,255,1779,617,29,174,261,110,460,1504,187,113,,87,114,190,69,izidio
7953,35,24,129,,80,,21,60,102,628,158,425,616,94,15,550,1097,135,885,1740,219,155,55,109,190,275,148,juvenal
7953,57,257,668,124,439,114,207,628,355,734,147,321,492,,15,519,339,49,518,912,98,131,174,38,147,332,131,negreiro
7946,43,,31,22,69,,23,176,298,116,80,102,464,94,23,210,1103,151,807,2460,386,297,406,81,93,251,153,teresa
7942,28,28,53,,35,,30,48,88,203,104,1063,2169,542,473,649,107,,434,1453,109,50,41,60,37,79,47,irmao
7941,43,,,,,,,,,,,,,,,35,957,336,449,3920,1509,267,90,100,113,26,24,fabri
7940,,,111,,51,,,18,,,16,,45,,,78,419,203,2534,3275,290,158,463,44,26,35,112,affonso
7940,85,21,56,23,117,,15,66,80,354,209,117,498,96,31,109,1262,41,375,2304,794,397,242,124,177,236,102,aline
7932,57,19,110,,161,17,57,97,78,181,40,49,253,107,57,475,868,113,758,2344,642,275,226,191,196,409,138,pais
7926,18,,2756,25,1947,73,48,64,,,,,,,,129,237,,447,287,75,128,785,,76,429,357,santarem
7922,28,,,,19,,,,,,,,,,,25,778,488,112,4088,968,463,652,71,82,62,26,vicentini
7915,146,,592,40,1002,272,,21,15,289,22,187,257,94,,271,1033,531,692,1489,256,135,65,190,158,90,42,ladislau
7905,135,79,143,34,153,,53,88,111,557,226,266,580,214,173,667,915,220,497,1481,320,94,118,136,200,359,80,selestino
7892,130,16,15,,73,,45,30,40,211,105,499,337,116,78,136,1667,571,706,1833,414,287,32,46,70,347,86,lucindo
7878,117,116,97,20,711,56,65,490,173,223,79,149,453,127,81,951,525,208,767,934,268,169,273,84,260,376,106,conceisao
7869,46,,,,35,,,19,,21,,,22,,,20,332,373,167,4677,689,398,841,66,59,19,37,rossini
7861,,,,,38,,15,63,,,,,,,,28,123,29,218,1632,1663,1956,1647,164,166,34,32,wolf
7855,59,,30,,,,,,,,,,,,,38,233,144,66,354,1083,1859,3715,27,156,23,26,scheffer
7843,58,,,,15,,24,,,15,,,,,,25,77,,113,431,1431,2933,2423,93,139,24,,weiss
7841,,,166,,4246,869,,2150,,,,,,,,,31,,59,83,27,51,,,30,34,29,sarges
7824,34,,,,42,,18,,,15,,,,,,18,112,29,243,620,1244,1127,4041,36,159,21,37,gross
7822,70,,32,,31,,16,38,22,165,44,58,155,,,107,858,260,1021,2247,665,1211,305,85,150,166,76,marcilio
7811,67,,101,,82,68,24,43,37,187,130,1117,663,364,17,208,607,376,612,2082,352,166,43,84,91,153,126,abilio
7809,94,30,212,36,312,43,73,252,119,238,83,137,280,102,65,434,651,94,474,2222,405,330,303,146,276,306,92,marque
7808,33,,,,37,,,,,,18,,,,,75,128,18,451,1428,593,1010,3679,95,94,34,59,beck
7802,84,,190,,131,20,35,52,82,393,132,98,396,60,57,119,1408,137,307,2151,517,559,179,133,229,192,117,savio
7798,52,,85,,92,,21,172,179,445,119,303,181,49,,126,657,86,888,1742,404,751,920,104,80,157,153,abel
7796,77,42,118,20,196,24,76,202,74,466,333,281,192,70,24,306,1133,163,715,1508,357,256,227,206,117,417,196,fernandea
7794,55,50,129,82,391,70,95,449,202,93,35,65,137,18,27,604,1010,209,975,1581,351,239,230,153,125,279,140,mercedes
7788,105,15,183,,119,,24,68,108,603,260,112,425,242,65,360,955,55,452,1821,388,467,,187,151,508,96,umbelino
7783,34,35,34,,223,,19,,,,,,23,,,83,231,24,167,4681,1372,164,67,232,107,96,107,suzuki
7772,52,19,159,31,189,,43,152,78,219,88,101,375,80,64,236,1208,98,836,2213,408,278,228,95,174,241,94,armando
7771,33,46,741,,240,,,137,38,341,26,147,181,88,,301,1169,136,323,2248,392,98,701,175,62,93,33,bibiano
7771,19,,17,,105,,,,,20,26,,28,,,58,171,,167,5475,1041,101,28,191,82,96,113,yamamoto
7767,46,,54,26,66,,43,45,33,223,130,157,300,128,37,218,2350,107,509,1736,232,145,106,105,121,671,170,humberto
7763,38,55,99,,62,54,22,78,80,425,15,16,65,,118,625,301,281,940,1250,389,613,1526,68,130,344,157,fortuna
7760,27,,256,110,358,,61,64,214,188,378,104,245,88,,186,834,119,709,1689,342,239,839,186,176,157,164,solano
7759,32,,47,15,84,,28,579,202,33,21,16,241,41,,47,548,98,608,1362,417,1119,699,272,124,817,286,spindola
7746,144,,,,44,,100,,,,,18,27,,,29,274,242,261,3160,1177,711,1064,104,182,112,60,negri
7739,112,15,274,95,118,16,29,90,83,401,124,102,300,109,37,229,1423,351,338,1951,458,239,131,124,169,321,100,jonas
7736,62,,,,29,,,,,15,,,20,,,41,323,752,169,2954,765,1021,1273,43,170,33,42,nardi
7723,126,53,239,32,480,62,153,508,107,357,141,277,756,316,200,755,358,372,442,908,193,103,56,52,254,364,59,chargas
7706,75,,,,60,,,,,,,,20,,,149,380,148,71,3584,884,1004,807,180,215,51,29,baldo
7702,53,,83,30,223,17,15,159,132,357,291,142,713,180,72,148,1258,53,311,1843,543,237,274,76,134,239,105,daniele
7699,63,143,91,57,187,,36,162,142,414,295,267,736,144,45,212,994,110,559,1539,368,312,258,63,138,245,106,artur
7690,38,,,,47,,29,,,,,,,,,362,3503,151,518,738,1388,145,46,66,72,383,120,loures
7686,75,78,233,43,522,84,57,638,152,429,251,163,244,80,54,494,787,162,697,1125,220,172,224,91,151,305,155,coata
7672,37,,39,68,30,,,,,26,49,34,49,,,373,176,166,684,1755,355,265,3021,286,127,49,58,belmonte
7671,74,,87,85,120,,,343,33,1244,40,45,83,42,,121,166,357,431,2184,503,117,332,877,149,91,118,palacio
7666,64,,43,20,225,,82,210,65,381,311,212,419,239,127,541,904,96,498,1724,626,195,84,39,129,308,105,sirino
7660,42,39,115,,73,16,19,235,50,192,178,,38,61,41,1128,966,50,617,2352,511,232,259,41,130,163,90,desiderio
7654,124,127,1128,24,333,489,15,118,195,3957,45,,40,,19,56,56,24,258,383,42,35,19,18,,57,71,facanha
7652,64,,65,33,86,,,29,,37,21,50,40,37,19,46,400,45,241,1834,1197,917,1679,413,283,67,30,roman
7638,67,,19,,61,,89,26,,21,,16,90,,,56,296,,108,3444,841,506,1283,78,100,436,58,preto
7633,50,,141,20,133,278,24,123,,176,17,61,391,393,72,351,1003,303,543,2131,370,127,252,127,211,240,83,pantaleao
7622,27,,,,,,,,,,,,,,,,1454,26,316,2129,833,2197,97,46,112,261,63,felisbino
7619,106,16,40,37,86,,,111,38,2214,264,804,318,80,,201,311,155,154,1135,231,25,70,558,146,254,242,ricarte
7619,94,44,256,,81,,16,94,94,218,324,532,588,476,25,361,701,48,554,1854,355,208,32,120,111,277,140,tertuliano
7610,30,,,15,191,51,21,2888,41,24,439,,60,,,155,665,34,879,1383,205,156,118,51,119,23,36,canela
7589,104,26,62,,105,,79,140,86,435,64,156,901,547,132,288,647,141,312,1605,687,178,97,200,214,284,85,timotio
7583,169,26,210,278,181,,28,136,47,153,72,89,383,68,39,369,515,118,587,1718,583,367,674,261,153,238,110,mendez
7581,91,47,256,18,212,19,26,30,,71,78,68,180,47,37,732,967,180,678,1996,424,358,279,144,227,346,60,douza
7578,50,,148,,446,59,60,255,64,259,50,142,232,66,50,608,1187,189,571,1386,336,212,398,130,163,374,133,concalves
7573,17,202,154,,194,30,,54,236,2321,280,82,68,,19,115,146,118,131,484,168,2086,163,180,23,94,203,raulino
7564,52,18,134,127,171,31,,107,90,214,198,147,306,82,49,179,640,51,485,1948,823,482,488,268,185,175,103,ramon
7563,42,28,57,15,131,,30,139,142,780,293,262,523,91,22,173,1163,88,386,2127,352,107,43,106,157,207,88,livia
7558,40,16,276,33,185,,,60,34,738,369,352,545,217,54,388,1057,164,518,1390,244,119,268,108,157,133,71,epifanio
7545,33,,131,,108,,18,177,57,999,383,1368,1057,303,33,246,520,164,318,956,195,86,24,41,110,145,45,marculino
7530,26,,,,,,,,,16,,,18,,,18,102,,84,1344,2197,1653,1712,90,128,43,35,baggio
7520,122,203,617,46,123,16,49,167,,537,254,409,1009,116,63,175,553,189,867,1139,153,70,54,112,106,208,149,pedroza
7518,31,,,,,,,,,,,,,,,61,145,180,128,3417,942,1352,927,88,137,19,,berti
7514,69,41,254,,546,87,25,15,,96,905,1172,505,20,18,55,450,198,713,1521,156,69,83,50,77,246,131,toscano
7503,36,,18,,144,25,173,259,22,21,,21,56,35,,557,396,197,153,392,145,89,1122,33,236,2931,428,ataides
7488,,,,,25,,,251,,,,,,,,22,250,61,169,651,1099,2657,1910,113,91,46,63,wolff
7485,294,,,,108,,24,69,,,,,54,,,32,45,1289,92,357,889,1777,2169,19,154,44,39,krause
7482,46,31,26,32,83,,,,,,,,23,,,59,149,31,473,1899,618,223,1098,2388,175,39,46,peralta
7472,41,,18,,49,,19,,,,,,25,,,25,106,140,45,817,1179,1286,3304,53,239,43,33,dall
7462,24,,17,,54,,,,,17,,,105,118,18,35,217,38,216,1671,673,2327,1567,96,87,114,,constante
7461,114,199,299,58,452,29,85,742,305,717,122,81,100,31,94,391,463,187,385,1016,265,202,390,53,213,328,140,chaga
7460,19,35,98,,89,,39,98,47,624,617,1688,439,,,155,1038,51,765,886,149,23,,25,42,263,244,trigueiro
7458,57,25,200,29,212,,21,94,50,172,135,122,420,102,64,188,984,91,809,1953,627,385,156,82,117,246,113,murilo
7456,37,,,,60,,106,,,20,,,37,,,138,1405,129,1523,912,646,74,136,63,141,1742,231,canedo
7453,119,48,115,37,212,15,63,291,285,298,507,309,964,227,75,270,870,111,346,823,441,178,52,97,217,383,100,emanoel
7453,66,39,112,29,346,49,33,357,146,431,221,242,899,183,110,323,652,62,309,1319,386,282,175,73,163,281,165,ruan
7451,,,111,16,28,,,37,,,19,,25,,,104,3879,128,1107,1358,279,116,44,25,30,50,57,gandra
7445,37,17,474,55,1427,66,15,1375,159,294,207,350,136,,17,249,146,213,745,678,84,223,56,113,58,168,71,caxias
7444,75,24,131,21,273,30,70,187,75,159,81,100,186,58,72,536,935,168,555,2052,379,196,289,138,235,333,86,dia
7443,19,29,28,,128,,160,101,50,1448,337,76,114,52,,787,442,130,314,759,185,1674,35,90,243,110,113,capistrano
7442,134,19,140,57,163,22,35,165,34,73,45,32,55,22,,124,495,193,307,1029,830,690,2290,76,200,146,52,frank
7433,97,23,374,26,494,22,22,340,200,300,,,,,,453,250,72,236,502,810,749,1943,160,163,84,93,quadro
7417,69,19,102,85,107,,24,63,63,294,147,129,539,108,36,130,1185,76,668,2064,471,316,192,98,130,209,83,alexandra
7408,19,,90,,340,31,24,3987,68,253,163,123,378,87,47,71,262,19,163,648,103,95,59,27,71,135,123,everton
7408,,,29,,158,,17,70,,33,,,113,117,32,287,772,82,1740,3134,240,113,87,120,68,59,87,frias
7404,38,,2262,48,960,1797,,50,,24,138,,20,,,58,283,,241,913,252,54,,23,46,117,33,brazao
7397,35,34,66,31,77,,21,36,92,106,20,22,76,,15,256,1651,93,238,3497,343,98,84,55,51,326,64,perpetua
7396,21,,16,,,,,,,,,,,,,22,98,73,327,4969,822,83,195,115,89,464,56,bicudo
7384,34,,,,,,,,,,,,34,,,46,135,180,117,4176,943,519,823,113,104,66,57,bergamo
7379,75,21,197,24,334,38,78,401,30,235,265,416,442,100,32,167,707,74,516,1478,394,190,199,262,244,344,116,deniz
7373,105,37,124,35,363,20,93,248,135,341,173,170,265,91,57,517,896,127,596,1434,384,171,222,150,164,336,119,oliveiro
7366,93,17,286,395,297,24,28,158,51,106,49,96,154,45,62,230,438,111,606,1561,522,381,931,346,131,157,91,nunez
7363,55,,,,67,,,19,,16,,,,,,26,105,788,88,1251,989,1995,1518,107,208,53,25,petri
7360,55,118,636,41,1228,38,140,343,836,476,28,15,80,39,31,56,162,69,468,1503,294,125,29,28,87,262,173,craveiro
7359,38,,52,,87,,23,64,77,160,132,280,585,88,51,297,1408,158,756,1855,313,198,165,69,131,238,107,emilia
7356,47,,98,33,161,18,18,103,43,183,129,69,374,108,36,126,1189,48,555,2439,511,271,207,105,111,228,134,alessandra
7356,27,,,,33,,,,,,,,,,,26,117,,44,2079,1396,788,2425,110,190,38,24,bordin
7351,25,,,,,,,,,,,,36,,,22,924,200,372,3431,981,238,846,116,41,55,26,baroni
7347,75,20,106,24,121,,38,68,56,456,163,292,515,153,46,253,1483,178,628,1682,236,90,40,62,101,340,116,valentino
7345,54,100,39,,119,,72,101,34,54,268,18,125,,,498,603,132,1229,2156,382,79,157,495,85,364,157,carrilho
7345,95,,,,,,,,,,,,,,,37,528,860,248,1816,861,795,1697,153,129,47,29,picoli
7341,129,35,116,44,443,19,70,191,59,279,80,89,138,38,84,202,889,145,338,934,530,382,1402,158,165,298,84,silvera
7339,29,,39,17,115,,22,123,65,109,34,24,75,,31,273,1241,1841,931,1146,571,49,40,17,89,292,148,loyola
7331,82,,,,,,39,,,,,,,,,,126,,223,1764,1161,1232,2311,82,170,51,49,pegoraro
7322,60,,81,42,119,,46,113,89,169,97,82,521,87,26,199,1229,106,607,1903,403,336,355,101,156,248,127,marina
7320,31,15,112,,168,33,28,119,73,108,170,84,169,59,23,403,461,581,373,3261,346,96,144,87,131,156,75,pinheiros
7316,87,,76,25,113,,18,119,84,77,129,110,425,101,38,87,2802,47,171,1399,424,108,77,131,229,334,90,emanuelly
7304,,,,,7236,,,,,,,,,,,,,,,,,,,,55,,,kayapo
7300,58,,,,,,,,,,,,,,,,55,,18,6989,29,,16,42,21,,,mamani
7298,33,,67,21,,,,,,15,,,,,,26,65,,106,1338,500,154,1134,3425,242,52,40,caceres
7298,29,16,101,38,186,36,,106,60,241,113,76,397,95,45,110,961,69,782,2217,484,361,225,71,86,184,198,william
7294,42,,42,,53,,,,,28,,,21,,,102,1218,179,487,992,601,837,2193,98,192,76,57,sander
7293,53,21,58,28,206,19,19,166,125,329,277,174,949,250,60,153,787,45,344,1585,577,281,214,69,153,250,101,vanessa
7291,36,,,,39,48,,,,,23,,,,,25,125,34,55,806,741,2752,2310,91,59,45,35,rosso
7289,,17,251,17,89,,20,88,69,745,1136,2196,303,178,32,63,49,23,632,879,107,42,,,41,103,183,felinto
7286,83,150,161,35,49,,138,,18,80,24,187,88,,,29,195,68,692,3058,646,105,177,247,696,150,174,ponce
7282,65,27,97,20,264,23,18,241,141,372,228,205,840,34,31,137,580,54,418,1731,714,284,260,97,150,162,89,renan
7280,118,41,357,30,379,20,71,170,74,511,49,85,104,44,26,377,692,71,522,1369,327,232,657,224,212,449,69,arte
7274,,,181,17,1853,43,30,1596,864,84,24,107,60,,,73,269,119,732,702,46,59,50,,42,150,150,remedios
7273,60,20,83,22,179,,45,153,52,164,79,116,183,37,35,552,1121,228,906,1928,445,164,288,59,81,168,97,celeste
7258,25,,22,,114,,31,93,81,189,156,139,925,101,82,938,558,200,956,1789,245,114,52,105,75,187,62,durval
7257,83,30,178,24,313,15,71,261,93,296,82,69,170,44,,404,949,116,521,1725,382,216,405,143,154,368,133,lipes
7257,79,19,149,16,315,42,84,307,178,327,182,177,346,109,75,476,712,137,574,1168,258,205,494,110,160,371,187,nunea
7239,17,27,146,,36,,,84,30,557,,132,342,233,43,1821,589,277,555,1603,274,59,30,152,85,64,58,pastor
7232,,,16,,47,,,,,,23,22,79,21,15,186,2105,282,1528,1424,460,202,399,66,55,113,147,mansur
7231,63,15,112,23,221,,45,134,31,309,31,60,77,43,18,682,1157,157,634,1705,446,204,317,84,138,423,93,mireira
7219,25,,24,,290,29,28,1623,159,35,,,23,,,2117,143,91,153,1733,215,39,,85,54,185,120,coqueiro
7219,88,97,211,36,477,35,66,384,144,483,265,198,579,152,97,802,438,200,513,983,193,97,105,77,152,267,80,nascimeto
7217,50,26,109,17,209,,59,169,39,201,33,68,109,22,21,200,1196,132,546,1901,435,319,489,118,156,479,101,nartins
7211,66,,22,,128,,,,,,,,,21,,192,312,111,386,1202,574,94,61,3686,241,30,31,nantes
7205,24,,,,66,,49,,,,,,,,,85,163,355,351,1471,627,1184,2502,20,119,99,37,tedesco
7202,48,,107,,257,18,71,132,62,331,85,111,294,80,23,264,1018,182,802,1842,351,174,306,82,135,325,91,gomed
7199,27,,67,,297,,25,87,,,16,19,305,,43,245,657,180,766,1279,98,222,2477,20,51,152,119,ferrao
7198,68,,68,,297,25,39,127,55,296,29,125,217,35,24,349,1363,168,750,1443,415,203,285,186,122,346,150,goncalvea
7194,39,,,,38,,,,,,,,,,,,516,29,317,2060,1908,727,1254,51,118,51,23,carraro
7193,33,,90,109,354,,55,569,157,4804,17,24,57,,,16,48,,187,280,28,15,,36,26,116,132,fonteles
7183,56,34,228,63,103,,44,202,131,1102,100,202,548,131,52,421,781,135,245,1423,335,170,159,57,96,241,121,jaco
7172,46,,83,,43,,,,,58,17,,54,17,,185,282,1368,225,1997,591,664,1127,58,141,112,39,angeli
7171,22,33,,,,,,,,,,,,,,17,438,110,125,4630,795,272,420,82,82,65,33,bassi
7166,51,19,280,,598,22,331,513,320,169,27,76,95,40,32,2177,309,59,269,1013,107,55,44,101,124,205,124,mascarenha
7166,26,,43,,31,,49,,,47,114,27,29,65,55,115,1382,222,606,2981,680,69,57,109,96,279,67,quintiliano
7146,138,54,111,38,367,20,171,264,191,546,136,174,242,47,106,1328,859,126,248,950,122,56,24,74,183,439,132,evagelista
7143,43,,108,24,44,,,19,20,55,79,240,303,21,27,209,755,185,677,2011,405,513,973,149,94,136,38,adolfo
7140,32,,,,,,,,,,18,,,,,,135,417,139,1620,1376,1029,2070,63,108,26,41,bassani
7138,84,50,749,29,1172,656,79,638,56,75,18,35,81,15,83,575,710,117,328,662,183,128,210,39,114,155,97,vales
7133,94,,73,,16,,,,,16,,,,,,48,526,83,315,4404,848,115,139,114,199,60,29,rubio
7127,143,,53,,16,,,,,,18,,,,,70,198,490,162,438,1397,1815,1868,83,68,176,50,otto
7127,89,,,,,,18,,,15,,,,,,68,348,1220,315,2611,493,407,1269,103,63,21,44,venturini
7118,40,,,,54,,34,,,,,,,,,23,235,84,70,1952,982,393,2709,177,249,35,28,rossato
7109,147,156,209,72,201,34,94,154,192,963,67,96,316,164,27,642,597,108,252,1294,236,60,147,114,195,404,168,magalhoes
7106,116,,,,22,,,,,,,,,,,22,97,315,75,261,578,2254,3098,93,91,29,,schutz
7098,41,,35,,47,35,,,,,,,87,,,56,194,28,208,2062,1323,733,1612,245,199,112,25,pedrozo
7084,104,81,241,66,350,59,18,313,152,435,221,147,469,117,60,313,599,55,407,1412,325,217,183,122,234,258,126,gael
7084,50,,117,,182,,16,24,,38,20,,508,28,24,1094,1755,282,941,1164,280,75,24,23,20,185,204,paraiso
7082,28,,,,,,15,,,,,,,,,,155,56,63,3070,959,1185,1216,123,118,17,29,moretto
7081,,,106,,104,,85,145,446,68,47,31,101,23,29,295,854,135,1003,2282,292,81,538,69,91,147,77,val
7068,66,,,,20,,,,,,,,32,161,,60,150,1508,302,2564,760,472,592,98,182,24,40,breda
7067,48,,26,,125,,75,165,622,409,,52,134,,,571,553,53,401,2112,310,103,216,68,158,464,352,landin
7063,97,43,74,,77,,35,191,161,235,96,262,86,,19,121,811,264,1492,1987,295,302,103,37,62,115,70,constancio
7063,55,,37,22,101,,,54,34,142,100,81,159,18,,78,880,86,720,1686,677,1551,208,70,52,165,60,jeremias
7060,37,,,,15,,,,,,,,,,,31,613,271,286,1901,592,1222,1812,95,108,20,25,agostini
7058,,,72,660,283,,21,1506,22,229,54,187,1033,161,23,91,524,283,385,1011,81,55,101,31,31,103,96,cadete
7055,30,,62,,59,,35,,,131,68,1436,1572,836,41,264,81,49,733,1028,75,116,104,15,46,117,119,agra
7054,41,22,49,58,21,,,,,18,24,,26,,,54,99,64,172,1158,444,279,3438,857,105,59,33,aguirre
7053,56,,60,,163,,58,99,87,297,64,95,166,72,38,333,1068,158,499,2024,418,255,280,72,133,422,109,alved
7053,,,98,,204,,,4997,317,90,46,,30,,,16,34,,340,334,55,44,23,63,18,95,184,serejo
7041,82,,311,537,49,,,21,,22,,27,35,,,68,206,29,192,3503,638,298,521,200,132,51,60,herrera
7039,16,,,,21,,,,,16,,47,28,,,23,655,277,226,3727,659,440,552,134,59,68,49,lombardi
7038,60,,,,,,,,,,,,19,,,18,137,1332,142,3716,598,346,368,71,119,27,47,gasparini
7019,73,,,,20,,18,,,,,,,,,16,565,487,100,3798,802,293,460,133,129,42,34,magri
7016,25,,28,32,4979,278,,37,,20,,19,,59,,,107,,147,837,92,106,104,,,49,37,brabo
7012,,,,,98,,22,655,289,76,47,35,25,,,50,3468,358,731,739,71,23,16,15,41,96,111,milagres
7010,29,15,86,,85,,,20,55,125,34,121,142,46,21,146,562,63,514,3290,919,221,130,65,125,121,51,amadeu
7005,40,32,86,44,51,,21,80,69,448,316,1350,1071,97,20,189,285,98,681,1406,179,131,23,44,35,132,75,herminio
7001,95,,,,19,,,,,60,,16,31,,,36,165,264,113,1576,1126,2013,1101,67,189,46,18,pauli
6995,21,,,,,,,,,,,,,,,,40,,18,2885,1058,1640,896,213,143,17,,feltrin
6986,90,,38,22,110,,15,150,,,,,48,,,63,231,206,421,2110,876,890,1100,180,215,106,65,casa
6985,36,19,27,,1129,182,,35,17,137,,268,382,75,456,1309,601,55,608,1247,85,65,54,27,59,75,24,castor
6985,65,,115,,219,,,218,,18,,,,,27,528,2498,94,194,1371,454,97,501,94,150,187,100,frois
6980,92,,24,,79,,38,79,91,135,65,75,257,40,46,366,1815,144,412,1804,284,167,74,107,228,461,79,marcelina
6976,107,30,54,,276,33,67,499,23,228,470,124,221,24,26,599,374,61,490,1032,459,328,811,73,183,251,124,camera
6976,84,38,115,40,188,29,,155,92,297,174,142,638,156,77,172,877,232,322,1699,437,191,200,80,151,269,108,nicole
6970,,42,40,,127,,90,89,205,84,,27,446,526,101,1885,571,61,407,1440,141,175,121,103,52,179,53,cardeal
6959,181,23,91,16,28,,,,,,,,19,,,34,115,,145,1799,1292,538,1184,940,384,83,42,ortis
6944,37,,19,,28,,,,,,15,,18,,,32,309,146,1148,2763,507,1079,621,40,45,49,56,felippe
6940,16,,17,,96,27,,,,,15,,,,,39,154,,167,4674,1054,137,43,208,89,46,77,saito
6938,36,,,,16,,,,,,,,,,,65,194,129,219,3216,1584,426,635,103,138,85,16,fiori
6937,69,33,135,,162,,44,142,32,16,,48,288,18,,277,726,88,524,2038,620,211,764,136,197,277,68,ferras
6923,210,18,19,,30,,22,,,,,,,,,77,79,468,106,2921,905,697,982,137,119,55,33,boni
6915,122,365,471,37,506,16,94,1560,1013,642,94,27,52,,,122,347,,251,498,32,33,,17,90,240,258,nonata
6914,56,,1606,70,1993,71,,77,,,,31,26,64,,178,240,,132,1638,300,113,108,47,63,43,19,gato
6899,45,,74,31,75,,,76,39,81,84,62,249,61,28,90,1119,89,702,2103,511,452,340,88,105,227,130,richard
6898,121,,72,,257,89,76,4030,136,40,,32,267,,16,169,273,,463,435,47,47,22,18,60,84,98,belfort
6886,59,22,71,,136,,18,91,28,168,119,107,351,108,34,265,676,116,805,2127,483,270,249,104,171,205,79,sandro
6878,35,,,,,,,20,,,,,49,,,25,36,,161,278,1671,1185,2915,104,225,57,43,hartmann
6864,57,52,154,15,230,,77,285,166,468,194,243,385,120,56,536,582,74,597,1434,229,112,125,73,98,335,154,arauji
6864,46,,50,,28,,15,,,,64,42,34,,,18,1875,112,513,2578,640,114,,107,159,338,68,flauzino
6861,,,,,,,,,,,,,,,,17,68,285,23,1052,1157,1722,2147,95,141,49,31,bortoli
6859,54,,88,15,190,,59,127,90,164,102,127,202,54,25,318,1051,134,684,1625,335,224,526,88,139,320,96,siares
6838,,,28,,26,,,,,,,,,,,16,19,,58,88,534,1017,4780,68,121,,26,mallmann
6837,41,16,38,,226,,98,335,108,38,32,35,164,27,149,3913,377,43,168,481,64,30,,50,184,144,43,anuciacao
6836,29,,27,,291,,59,102,37,51,,16,,,,86,4570,121,255,803,54,,,17,22,157,71,consolacao
6836,119,,89,,29,,17,17,43,50,,233,281,15,,123,1986,117,855,1486,249,437,133,25,139,272,83,gervasio
6833,65,,218,35,81,,28,106,100,211,44,164,351,172,88,214,965,180,563,1722,529,134,181,116,175,301,75,ilario
6832,78,19,82,23,520,59,149,240,211,167,65,63,164,43,53,545,694,96,434,1059,429,164,247,119,291,652,166,borgues
6827,39,,38,,92,,21,,,30,,,29,,,47,193,28,149,4159,1330,108,44,200,115,59,103,ito
6824,30,,25,,188,,149,,,37,,18,48,,,59,1441,72,1082,1885,417,272,426,67,69,307,193,castanheira
6823,140,35,67,21,182,,113,110,146,203,81,81,220,162,156,691,840,163,337,1603,369,97,66,124,237,483,94,mesias
6819,122,,31,,,,,,,,,,,,,,514,349,258,661,1218,892,2294,121,183,39,58,kaiser
6814,69,,,,65,,25,,,,,,16,,,28,74,360,130,1346,1309,1222,1761,83,210,50,35,locatelli
6794,15,,,,35,,,86,,68,,,24,89,,298,3951,179,815,628,145,35,15,20,191,38,119,murta
6789,55,47,148,21,292,17,38,176,94,269,138,143,259,71,117,692,799,163,516,1297,323,175,289,101,151,291,107,oloveira
6786,44,20,84,,150,23,26,130,88,315,193,236,1217,214,38,216,746,29,247,1445,324,311,150,81,129,212,104,lais
6784,33,,81,,429,,24,265,137,138,16,45,136,17,,261,537,33,177,1464,184,914,1450,72,91,214,56,roldao
6778,31,,20,,612,,,2572,,18,,,25,,,60,389,19,843,318,50,88,1294,54,76,55,200,baldez
6777,40,66,220,50,77,,46,125,272,920,430,440,834,718,54,223,313,46,272,1103,127,43,15,64,90,116,71,delmiro
6776,115,28,102,34,224,,61,142,45,386,174,278,450,187,50,215,694,222,498,1286,481,230,178,116,171,335,67,lorenso
6772,268,,,,102,,,,,,,,,,,23,43,947,40,127,1111,2425,1328,102,157,24,24,buss
6771,47,37,237,,251,20,41,148,63,485,106,72,151,58,,359,742,94,693,1840,334,128,190,139,138,274,101,nigueira
6766,63,,,,,,,,,,,,,,,37,325,1094,343,2507,950,427,776,35,78,57,30,marchiori
6754,108,24,99,28,239,17,26,148,105,272,193,236,834,130,98,193,815,52,189,1320,520,254,159,90,203,309,93,eloisa
6753,39,,,,52,,,216,,94,22,,38,,,278,837,118,687,1337,252,836,1747,23,45,35,58,homem
6746,64,34,100,34,224,,75,300,69,200,50,106,162,64,32,345,707,129,353,727,379,1552,510,77,126,233,82,limas
6742,,,,,21,,,,,,,,,,,,35,,15,102,1407,1593,3111,114,225,43,,welter
6739,15,,,,44,,,,,,,,,,,131,554,120,234,3016,753,564,923,139,100,54,40,pelegrini
6737,63,,,,23,,,,,,,,,,,35,152,77,88,2371,727,693,2141,59,151,70,21,benetti
6737,39,,,,,,,,,,,,,,,,243,133,90,3740,922,951,284,89,110,48,23,marangoni
6717,152,43,90,,69,,,141,104,338,213,243,247,31,46,521,525,1483,574,919,108,82,369,67,96,135,114,firme
6714,56,16,4041,86,364,,,32,,69,,,291,17,57,262,59,26,323,434,238,120,39,24,29,35,52,amazonas
6712,41,15,123,,220,,66,236,204,175,69,52,165,28,54,488,880,104,792,1659,296,161,262,57,115,290,133,carvalhi
6705,38,,246,,42,,,29,89,237,94,231,260,198,,250,772,98,660,1811,372,583,167,120,93,218,74,jesuino
6695,39,20,466,37,568,,15,177,412,2791,35,196,445,,,50,49,16,272,761,49,36,,17,54,98,72,lavor
6694,29,,56,,,,,,,32,,18,105,,,136,350,85,1816,2799,503,239,179,52,65,35,152,santoro
6688,61,,17,34,101,,103,55,90,898,2353,640,180,,,33,526,30,573,518,44,,,31,89,125,159,jales
6675,42,,,,42,,,,,,,,26,,,56,393,523,173,3040,854,462,631,142,180,29,27,martineli
6666,60,,287,32,667,67,63,446,115,201,32,57,185,42,44,202,408,84,565,1482,242,191,324,117,328,316,97,moares
6663,81,19,85,,227,26,54,71,31,72,66,31,176,37,59,538,1008,263,702,1203,385,236,490,139,172,360,127,colto
6662,33,,,,,,,63,,75,,564,42,,,55,3218,219,463,1309,157,32,,94,119,49,105,coura
6659,117,,58,27,75,,70,19,,24,,,81,23,,110,829,569,1686,703,289,306,584,152,304,533,66,barcelo
6658,17,,23,,32,,137,30,,47,71,73,1937,1667,112,116,88,103,840,982,56,26,50,,29,101,98,buarque
6650,44,20,64,16,149,,,69,77,332,224,97,609,119,37,157,1118,51,302,1776,427,252,213,89,109,198,83,juliana
6641,34,,,,24,,60,24,33,20,29,105,356,85,68,454,950,239,579,1902,446,297,231,150,88,347,96,franscisco
6638,38,31,55,20,255,23,18,106,59,322,178,190,584,231,57,177,1088,96,472,1497,289,144,184,53,130,266,75,ronaldo
6632,42,,22,,,,,,,,,,22,,,30,120,18,296,4143,914,86,85,637,70,44,31,cano
6632,64,30,157,25,225,15,51,146,75,184,159,209,307,83,52,121,598,96,429,1437,608,270,388,365,201,262,75,denis
6631,62,,,,35,,,,,18,,,,,26,907,585,115,319,723,510,749,1731,329,222,178,60,pain
6626,53,36,190,19,290,30,42,155,63,517,128,130,242,50,34,306,903,155,557,1261,313,182,348,115,100,308,99,freiras
6624,41,32,110,31,275,31,141,353,183,348,80,115,243,64,17,532,839,125,414,1234,198,144,156,141,201,423,153,perwira
6619,19,,29,,95,,,,,167,2084,244,749,159,21,370,798,59,554,870,96,22,16,15,43,144,39,baracho
6619,38,,,,63,,,,,,,,,,,30,519,509,217,3640,561,357,467,69,61,,32,gatti
6616,59,23,119,18,173,15,80,151,84,268,230,181,125,41,22,276,1034,110,702,1471,307,195,224,164,122,298,124,feenandes
6608,74,28,101,17,166,,15,121,92,311,243,147,714,130,46,146,828,24,288,1492,519,283,237,74,170,245,85,luana
6607,19,,,,24,,,,,,,,,,,,39,,,92,981,1421,3546,23,303,55,24,rauber
6606,50,,,,,,,,,,,,,,,,113,238,186,4652,604,94,403,69,82,72,,pavani
6604,53,18,183,83,1512,75,220,252,72,353,290,230,126,20,,75,742,41,456,639,169,428,86,38,64,240,134,nazareno
6603,117,,,,,,,,,,,,17,,,28,462,342,845,665,681,526,2343,264,178,34,38,brun
6601,167,,,,25,,15,,,,,,,,,31,118,2468,164,112,746,2137,489,,63,,15,kuster
6595,75,796,915,38,180,,,100,32,3078,166,59,37,52,,32,29,,235,444,26,43,37,,65,53,65,sombra
6584,32,,,,61,,20,68,55,213,174,110,1116,1642,73,152,219,19,217,1755,156,33,,98,144,149,53,cicera
6583,,,122,,66,98,57,25,34,44,,,143,89,40,2504,535,110,585,693,660,62,15,27,40,556,51,aleluia
6583,65,37,16,,51,,,46,39,40,17,48,85,193,22,138,1124,61,285,2611,569,363,97,218,125,258,42,bertolino
6582,64,,143,28,473,45,98,391,111,83,16,17,94,28,52,757,1250,137,498,1215,223,116,172,68,127,244,122,reia
6581,164,46,101,18,258,24,173,222,119,200,148,241,256,75,187,798,602,162,379,1061,196,114,274,132,204,333,94,guimaroes
6581,43,35,230,25,420,39,32,365,125,291,152,221,442,194,266,1199,258,183,425,1025,135,51,63,50,121,130,61,nascimentos
6580,,69,71,,71,,74,297,226,218,333,2513,155,28,19,121,251,19,254,726,65,167,250,27,55,160,398,formiga
6580,77,53,180,44,295,41,35,268,148,361,283,215,924,225,52,202,411,49,308,1334,397,106,36,78,140,201,117,rebeca
6580,,,,,,,32,,,,,,,,,17,165,46,263,3857,836,632,359,49,149,55,61,rinaldi
6574,61,27,,,284,,,,,,,,,,,644,633,173,534,3002,572,193,154,64,95,44,26,galo
6573,69,57,228,46,647,84,195,611,114,181,104,100,346,104,51,735,691,140,208,762,138,168,114,33,146,476,25,nunis
6568,30,,26,,44,,,28,38,43,19,102,188,27,22,414,1057,253,430,1954,473,156,793,72,89,220,66,flora
6551,19,,20,,,,,,,367,676,1443,985,556,24,56,123,17,521,1157,210,105,20,43,62,38,61,valdevino
6551,,,18,,33,,17,,,,,,57,19,21,590,548,78,1318,2667,509,99,140,68,92,91,111,villas
6544,55,15,116,,81,,24,45,53,86,28,105,379,46,,384,1062,63,587,2348,359,208,67,110,146,112,43,bartolomeu
6541,42,,567,20,99,27,,59,29,141,89,54,148,39,,108,413,38,288,1372,887,1115,481,91,167,165,72,jean
6533,49,89,224,19,376,55,27,245,170,2585,344,408,119,,,69,120,51,227,943,129,25,49,39,33,56,69,marreiro
6530,149,55,208,32,405,50,170,450,208,442,155,131,311,66,58,436,620,200,354,1018,135,46,88,73,199,380,91,babosa
6527,62,28,66,24,108,,17,84,49,262,123,95,387,91,21,95,933,82,455,1713,481,318,373,166,148,236,99,andreia
6526,80,22,99,35,261,16,74,233,121,251,130,184,261,87,40,435,1035,135,489,1178,243,128,336,111,150,301,91,sores
6525,79,18,122,,263,,73,311,26,193,70,254,225,36,30,196,1284,58,444,1294,374,102,178,211,153,378,131,niz
6507,32,,116,,49,,,21,21,187,202,406,586,581,353,595,346,67,671,1433,258,47,28,109,118,172,85,rozendo
6505,43,15,198,19,64,,26,102,174,719,259,176,608,31,121,739,839,87,312,1136,318,62,23,109,117,115,92,apolonio
6500,20,,98,,59,,,18,,16,,,114,,,50,387,42,627,537,401,913,2715,288,76,33,59,jacques
6499,25,,28,,32,,,,,,329,89,26,,,451,955,449,549,2590,431,65,254,57,33,45,46,grilo
6492,17,,35,,147,,,104,,25,,417,48,57,,94,2592,156,546,1721,105,34,24,22,27,151,123,frade
6491,59,18,70,17,191,,47,319,178,205,292,227,208,38,22,431,1038,141,599,1373,183,117,78,70,104,288,164,dalva
6491,74,16,115,15,288,24,52,226,77,340,65,108,175,46,30,238,1013,126,488,1308,336,209,312,127,163,390,130,maetins
6491,73,,54,16,140,,,129,79,302,147,115,640,118,43,105,1425,76,245,1490,366,212,146,81,122,240,95,natalia
6482,16,,,,30,,,,,,,,,,,28,79,56,47,182,646,1123,3993,63,122,31,24,zimmer
6474,71,19,45,,147,,19,96,83,247,225,82,442,94,49,189,826,22,175,1686,662,285,261,94,230,285,112,daiane
6467,87,,153,,42,,,,,,,,22,,,,1171,25,205,1967,1184,972,224,99,161,47,49,peron
6462,,,32,,436,,53,53,386,27,,50,48,,21,719,1615,160,770,1167,299,99,20,20,44,234,142,baiao
6459,59,161,200,114,97,,35,114,197,286,40,142,408,191,17,123,665,206,997,1416,438,269,52,61,35,76,56,napoleao
6450,168,,22,79,29,,,,17,,,,77,,,28,73,790,407,655,1190,1041,1686,45,58,19,25,brandt
6439,127,28,144,,134,,33,106,786,1054,42,146,415,50,,277,225,,628,517,126,200,1063,102,39,86,92,caminha
6438,21,35,212,17,53,,,29,22,110,117,151,193,58,47,88,403,317,497,2459,649,426,118,119,108,136,38,dario
6434,134,,18,,37,,15,,,,,,,,,,,,28,93,973,1239,3436,84,251,42,17,cassol
6432,78,29,76,21,269,44,16,284,170,429,269,191,749,143,72,320,592,26,183,1281,357,139,123,79,166,234,92,rian
6431,52,,42,,76,,,110,59,363,184,257,676,181,46,189,853,69,618,1392,305,307,157,52,104,199,99,veronica
6426,33,,33,,56,,21,55,27,263,216,119,392,118,70,220,1230,103,447,1882,541,148,115,80,76,106,52,arlindo
6412,17,,53,52,108,,,,20,30,190,801,302,756,66,91,113,48,613,1763,602,120,257,77,174,54,85,casado
6409,42,36,134,15,178,,24,123,57,225,81,71,162,52,33,705,740,120,498,1688,318,186,309,80,114,330,78,olivrira
6398,,,21,80,,,,,,,,,,,,24,336,20,421,354,826,1548,2383,48,185,42,36,winter
6391,31,,89,,168,38,16,79,31,97,188,84,602,197,74,199,838,50,482,1787,352,202,139,78,173,272,110,monique
6388,65,42,78,16,295,46,68,250,82,361,108,125,311,126,37,393,892,131,476,1207,278,111,111,137,139,352,151,ferrwira
6382,50,,,,29,,,,,,,22,25,,,242,326,549,56,1556,895,1094,1327,38,90,22,30,grassi
6379,67,,1507,68,275,,,,,336,,,23,,,411,90,37,703,297,196,685,1467,16,18,47,77,cidade
6378,30,,,,79,18,,505,18,19,,26,17,43,,47,3320,174,741,930,75,53,19,40,,93,93,baeta
6378,100,,23,,,,,,,,,,,,,24,118,546,84,1393,1580,927,1221,109,168,25,,fabris
6375,76,77,237,23,232,30,18,22,16,97,128,83,290,37,31,624,822,182,672,1419,316,194,168,164,148,176,93,aouza
6375,64,,21,,,,,,,,,,,,,16,64,503,81,276,808,2785,1553,30,85,28,24,schroeder
6372,15,24,43,,140,,,,16,131,195,169,1217,1517,101,89,93,44,592,1351,148,59,73,61,77,86,106,acioli
6370,46,,33,,209,,19,54,,26,,20,56,15,37,1296,1792,191,238,1324,193,108,129,39,93,272,142,mares
6363,54,21,175,36,76,,27,233,83,668,51,175,552,491,206,211,739,187,354,1003,301,236,,76,173,190,32,izidorio
6363,35,,,,17,,,,,15,,,,,,71,365,84,193,2456,1415,796,695,57,62,60,15,molinari
6362,46,,,,33,,,,,,,,,,,18,54,,34,3168,1014,700,973,75,134,33,18,brisola
6362,38,,67,27,115,,,144,74,81,176,112,565,117,72,156,1639,50,355,1301,348,120,96,60,133,339,145,gabrielle
6355,97,50,296,31,870,77,164,619,91,388,155,138,145,22,,182,249,197,520,943,115,131,129,50,307,306,77,ares
6353,145,70,196,62,733,46,223,841,178,444,30,31,129,43,58,500,560,102,141,676,192,83,59,86,195,423,107,moto
6346,101,39,169,35,272,16,,187,144,470,264,235,795,189,112,234,532,21,245,1129,292,172,110,85,148,219,118,eloa
6340,,,682,,4840,172,,33,,46,,,,,,32,20,,149,129,35,83,,,,,33,maues
6336,17,23,586,,44,,,39,117,74,45,30,79,,,66,292,,376,1780,1105,486,740,122,175,42,39,barao
6327,39,,113,17,130,18,23,81,33,74,20,69,241,33,26,348,662,155,677,1836,436,322,457,101,136,211,65,ramis
6325,47,32,105,,161,,22,67,26,382,94,39,164,34,21,260,1003,98,564,1604,329,228,490,110,115,243,69,freitad
6323,45,18,128,17,131,,27,115,75,202,152,167,622,85,44,186,893,35,335,1598,429,265,255,66,125,209,85,michele
6323,58,28,125,62,146,25,16,120,105,481,200,172,483,180,46,141,744,55,398,1521,345,211,174,59,111,220,97,nicolas
6321,49,36,68,20,148,,20,123,145,562,173,170,503,142,43,106,861,59,371,1548,397,149,81,86,102,210,135,wesley
6320,118,66,185,,275,,223,469,101,1059,286,140,337,52,127,533,343,39,314,953,141,116,,43,54,162,152,benigno
6320,181,,125,,,,,,25,,,,,,,55,130,1865,154,635,1072,619,1240,46,51,26,37,berger
6318,119,78,391,93,223,16,37,155,55,243,162,237,293,125,46,163,765,156,483,1015,335,290,267,100,159,267,45,rock
6304,64,,82,29,110,,,75,,15,,,60,,,29,86,23,823,1564,670,652,1464,316,127,53,27,casanova
6304,48,,,,60,,,,,,,,,,,16,1254,389,134,323,766,1005,1892,55,262,21,24,hubner
6301,49,,,,37,,,22,,,,,16,,,31,26,,61,117,1384,955,3239,34,234,28,,terres
6290,79,37,154,25,302,25,101,310,158,360,86,118,242,80,57,359,809,141,362,1085,281,101,229,107,168,412,102,rodigues
6288,78,,141,105,60,,55,123,137,67,94,88,186,144,66,351,1047,104,323,2231,288,159,22,72,89,150,101,barnabe
6281,34,55,340,18,485,215,25,75,59,257,112,286,238,74,60,278,581,49,711,1321,314,214,132,82,55,115,96,benjamin
6269,69,19,42,,181,,,37,,30,,17,28,16,,113,1551,166,688,2069,502,205,111,78,129,118,46,natalino
6261,41,40,164,,209,97,17,92,75,46,37,77,189,16,34,340,2333,56,327,1132,302,112,53,18,174,210,57,salome
6258,70,58,717,408,99,27,,28,,54,23,22,54,,,143,179,43,685,1860,314,263,429,436,106,83,126,vasquez
6255,21,22,27,,108,,34,181,379,267,95,,108,122,31,2434,349,38,298,1017,129,20,,15,159,189,188,cafe
6244,51,,74,21,103,,,,,,,,,,,,156,28,79,2642,914,258,1563,146,122,40,,munhos
6240,30,,,,40,,,,,,,,,,,,55,44,107,1928,967,861,1843,63,212,24,,piovesan
6231,76,64,119,22,176,18,43,170,78,316,185,173,369,159,60,415,418,75,377,911,360,904,149,70,112,264,148,lis
6226,70,,45,21,65,,,63,42,141,105,91,306,62,41,279,859,315,204,1426,548,336,485,130,165,297,108,mariane
6223,43,,,,,,,,,,,,15,,,51,296,125,775,2961,589,367,683,88,62,44,23,camillo
6215,38,,59,,159,19,15,71,38,252,98,91,274,84,36,84,688,35,339,2425,508,204,105,137,143,181,109,yuri
6209,70,15,19,,48,,,46,,72,18,34,64,40,27,733,629,164,836,2504,149,181,117,95,63,131,122,leone
6209,23,,,,42,,26,34,26,127,1248,635,801,43,,96,1037,33,590,858,101,31,39,53,19,128,194,mariz
6205,,,,,85,,,,,,,,,,,37,16,495,62,258,871,1702,2468,20,95,31,,barth
6202,4947,,,,,,,,,,,,,,,,,,38,46,313,303,444,22,41,,,oro
6197,57,19,69,,63,,22,88,52,161,74,102,187,45,22,159,649,117,494,2250,514,350,183,77,122,218,82,carlo
6194,47,27,49,,297,21,79,976,300,229,123,138,336,299,115,1104,397,79,216,857,71,20,,47,101,175,70,solidade
6193,23,,,,18,,,,,,,,,,17,34,619,257,301,3360,717,184,121,80,292,85,59,carrara
6180,39,,,,24,,,20,,17,,,107,176,88,764,2516,311,615,971,113,28,79,36,64,118,54,cupertino
6172,122,52,128,61,187,24,46,222,57,372,65,100,217,74,73,398,395,164,508,984,326,210,593,140,134,356,164,suares
6170,,,,,,,,,,,,,,,,33,51,72,43,992,879,995,2823,58,119,31,36,trentin
6165,,2070,4072,,,,,,,,,,,,,,,,,,,,,,,,,kulina
6160,120,48,214,,355,,104,115,119,196,76,93,166,107,107,536,920,85,398,1156,209,234,61,76,171,386,92,gonsaga
6154,41,,84,19,51,,25,75,261,591,89,215,550,421,110,353,729,168,401,1040,231,227,33,36,119,203,74,isidorio
6144,30,75,47,125,118,,,73,,508,42,113,127,417,205,97,637,170,623,744,447,875,127,83,87,175,173,estacio
6140,44,,41,23,64,,,186,543,507,,,29,,16,693,1029,55,918,1359,124,16,68,135,121,61,72,moncao
6134,72,15,106,28,89,24,26,96,94,310,168,141,369,100,18,86,1197,82,439,1205,357,414,71,65,205,247,110,bruna
6124,97,92,330,32,318,45,45,306,47,620,250,218,389,170,164,268,635,144,503,569,118,58,105,103,72,319,107,medonca
6123,46,15,36,19,73,,,38,37,219,125,85,441,91,33,102,1187,75,371,1911,323,194,211,69,131,222,55,fabiana
6113,,37,167,16,405,,40,830,369,576,15,28,51,17,326,438,410,73,938,849,36,55,23,,18,140,233,lobao
6112,40,,,,16,,,,,,,,,,,,25,,22,82,931,1389,3300,60,161,30,16,backes
6112,32,,36,,71,,49,64,68,117,105,142,539,35,21,209,1665,113,395,992,103,134,138,110,129,723,109,inacia
6109,26,,,,,,,,19,,,,25,,,21,239,154,87,1268,1665,1267,1095,29,108,32,,alberti
6109,44,21,60,34,135,,17,151,36,410,218,142,523,107,42,193,820,96,490,1486,291,187,131,58,109,188,106,robson
6107,109,32,177,50,391,51,58,126,75,373,84,126,159,61,19,277,531,87,500,1102,318,181,479,155,212,276,98,doarte
6098,31,,20,,360,,86,3324,1141,15,,,,,,65,32,,247,177,21,23,,,47,194,269,louzeiro
6085,35,,33,,217,15,54,97,110,62,27,46,75,23,,498,749,98,355,1270,324,384,593,84,181,624,108,birges
6084,,,,,,,,,,,,,,,,,4926,43,578,228,35,17,15,,23,115,45,parreiras
6076,,,,,,,,,,20,,,,,,17,2190,50,405,2034,680,106,263,20,54,56,130,grossi
6075,85,,,,,,,,,,,,18,,,17,241,194,310,369,1083,1478,2063,21,103,,42,neumann
6064,107,26,238,137,308,38,56,488,39,155,48,38,20,,40,248,707,144,245,654,363,332,894,140,182,362,47,garcias
6060,43,,36,,32,,,41,54,597,166,193,220,102,75,123,931,201,433,1699,269,342,168,35,80,119,75,eusebio
6058,15,,,,,,,,,,,,,,,47,30,38,58,351,529,1246,3449,24,173,17,19,ludwig
6052,32,,50,80,31,,28,136,44,984,27,92,473,25,,75,403,62,250,1884,447,114,380,80,145,102,96,ferrer
6051,29,,76,80,31,,,,,18,,,,,16,51,56,15,136,1144,1199,286,704,1924,168,42,26,benitez
6051,52,24,38,15,163,,33,125,62,246,174,140,441,72,48,332,976,43,401,1635,294,78,85,62,99,289,116,eunice
6051,34,,,,20,,,,,,,,,,,27,204,123,106,3409,564,426,922,73,74,24,,guarnieri
6045,88,320,285,46,346,46,43,459,35,369,45,48,107,22,104,79,371,157,1103,899,388,81,225,45,77,162,95,barrozo
6040,99,17,60,30,106,,49,97,45,301,143,46,137,69,69,467,1010,100,351,1656,336,83,36,92,201,286,151,meire
6033,,,117,53,265,28,20,4668,,,,,197,18,,17,41,,147,166,15,42,,,63,78,49,aroucha
6024,46,37,408,37,522,211,16,73,55,289,94,307,265,62,38,220,693,49,622,1167,204,164,65,82,67,142,89,benjamim
6024,59,160,324,27,193,,41,38,51,810,234,213,481,36,17,328,762,21,315,954,125,76,16,175,62,399,99,gondin
6019,57,,,,47,,,,,65,,16,29,572,71,48,1529,229,233,1996,606,46,,73,65,284,,azarias
6004,47,,65,21,69,,,20,24,142,31,207,218,84,56,618,551,110,699,1766,260,140,398,221,65,101,67,eloy
6004,65,25,145,41,239,23,36,156,103,153,278,160,540,155,73,95,800,36,204,1101,450,208,44,116,297,304,157,karoline
6004,86,39,143,50,281,51,91,319,125,300,120,105,247,75,83,494,613,117,321,1137,257,126,227,95,139,264,99,rogrigues
6003,469,21,58,,83,,64,,27,71,55,96,146,25,28,373,828,203,587,1527,217,44,54,296,357,217,138,justiniano
5998,52,,59,,105,,34,75,131,227,84,94,430,80,199,907,1054,125,308,1156,211,60,43,65,156,231,89,celestina
5995,43,28,74,24,160,,29,74,91,937,248,938,436,263,35,154,315,193,543,920,122,83,,36,74,134,34,felismino
5994,94,16,65,37,64,,,39,,19,,20,18,,,44,199,,229,2720,361,145,1001,617,107,78,69,gutierres
5990,52,,24,,99,,38,59,35,94,38,42,73,15,22,111,431,268,370,2049,1031,368,332,66,135,153,63,mouro
5989,35,,,21,163,,152,384,,,,,,,,,812,30,370,277,39,17,,,145,3286,196,mendanha
5987,77,,15,18,1266,80,28,22,26,133,85,46,200,57,703,435,379,97,300,1225,228,104,220,49,114,48,31,fiel
5978,81,,,,163,,30,,17,,,,,,,728,1354,187,75,2279,644,32,,94,84,131,40,pardinho
5977,,,88,,51,,381,86,87,194,401,350,530,250,181,349,1005,56,361,908,201,23,18,149,70,155,64,melquiades
5970,,,173,,41,,,,,15,,,36,,,149,300,133,1984,1081,425,761,575,57,31,41,92,rebello
5970,16,23,32,20,51,,,460,,337,17,97,187,27,26,187,612,53,767,1809,176,142,475,138,74,142,77,romeu
5970,48,,58,,56,,,114,35,57,102,219,110,84,50,76,376,49,1397,1825,356,108,466,98,61,63,143,villar
5968,27,,124,,265,18,50,231,63,224,100,93,123,40,30,273,822,112,592,1367,304,189,318,87,144,275,76,costs
5963,26,25,68,,59,,162,176,920,308,46,81,208,120,39,242,494,187,1088,1137,146,35,18,40,71,145,118,benvindo
5952,17,60,250,171,130,,,,,29,,264,89,15,,32,329,38,831,1280,610,176,304,1092,102,46,53,paredes
5934,54,22,81,23,206,28,19,133,101,280,211,137,607,72,31,122,1238,92,502,1029,166,165,170,49,114,209,73,heitor
5926,56,26,89,21,234,,63,335,277,524,380,575,316,27,293,107,678,45,498,833,52,24,,52,61,182,157,arimateia
5922,23,,42,,107,19,25,99,27,32,,,36,,,258,628,57,244,758,222,1844,1166,36,85,124,43,reus
5920,65,,,,,,,,,,,,,,,42,296,773,171,1593,760,494,1245,43,166,157,46,gobbi
5918,52,17,98,18,189,15,61,173,152,307,87,118,184,38,23,192,883,116,522,1188,280,301,288,141,85,263,127,martina
5918,64,47,81,,272,22,41,161,72,172,86,77,184,41,43,542,743,151,511,1282,301,141,201,112,157,318,82,olibeira
5915,35,,22,,72,,18,35,25,63,78,97,373,22,,205,898,128,903,1641,358,206,272,72,94,187,95,maris
5914,30,25,64,26,181,,,60,35,258,745,439,1218,1109,127,121,79,21,346,689,48,18,,31,47,113,63,aciole
5913,120,28,205,,240,24,41,256,153,176,25,26,159,37,76,646,366,169,383,1517,292,203,194,67,140,257,101,passo
5913,29,,29,,40,,31,,,,,,,,,59,300,,128,3861,904,115,57,96,63,78,59,takahashi
5911,47,,,,,,,,,,,,18,,,16,224,274,139,2160,914,921,984,25,123,,16,beltrame
5911,,,,,17,,,,,,,,,,,29,35,169,80,2249,854,712,1478,64,151,,21,rossetto
5906,17,,,,23,,,,,,,,,,,20,100,133,223,4089,856,168,103,43,49,,30,pupo
5901,22,,,,44,,,,,33,103,17,73,,,17,344,50,1242,1553,605,768,732,52,77,40,88,varella
5886,67,,,,,,,,,,,,42,,,44,207,58,178,2318,977,454,1145,83,166,28,43,santini
5881,46,,,,50,,,,,,,,,,,21,176,99,218,1171,1082,1340,1324,84,172,45,21,zanela
5880,28,,,,,,,,,,,,,,,17,239,902,109,3066,571,442,291,58,75,24,15,tonon
5868,25,,,,15,,,,,,,,,,40,,16,,36,107,929,882,3502,28,172,36,18,schuster
5863,99,28,55,21,198,16,36,85,49,222,158,181,377,78,28,175,993,63,291,1436,302,120,94,84,187,429,58,herique
5863,21,91,241,,233,422,,26,15,719,40,,48,725,116,417,423,119,1090,816,69,41,27,15,25,46,40,quintela
5859,32,,,,17,,20,,,,,,,,,,43,,204,190,1866,1183,1827,98,295,21,23,bach
5858,80,,63,,387,34,49,429,25,24,,19,117,41,29,775,525,144,764,1340,115,116,80,100,261,205,113,novas
5852,57,27,54,58,150,,,57,,231,,,21,,,30,111,67,287,1592,193,131,1009,1259,374,65,47,espinosa
5851,30,,,,,,,,,,,,,,,21,324,52,488,2654,513,275,1246,55,58,47,29,marini
5850,41,,,,,,,89,18,,40,,48,,,67,855,301,300,2814,592,120,300,64,63,73,29,campanha
5844,49,27,92,17,281,30,49,421,160,324,56,123,220,37,,357,902,86,439,993,278,121,112,101,120,296,141,mendea
5843,42,,27,,,,,20,,19,,,67,26,29,2376,304,1098,742,626,72,50,69,16,84,40,95,calmon
5838,,,,,15,,22,,,,,,,21,,23,2006,67,351,1831,112,53,82,87,73,811,229,gomide
5837,45,,,,42,,18,,,,,,,,,59,43,385,68,699,1282,704,2314,39,86,,16,bonatto
5837,16,,,,,,,,,,,,16,,,18,408,129,180,1813,880,780,1428,42,55,16,26,zamboni
5833,26,,49,,2912,261,,22,,16,,,21,,,,,,236,146,46,163,1760,,21,39,46,portal
5831,,,95,32,28,,15,75,,37,44,45,19,,,152,1012,84,616,1895,343,177,277,166,76,433,153,abdala
5828,75,34,102,19,267,38,99,454,55,193,47,69,98,41,,529,708,143,429,874,313,161,285,101,187,408,87,piris
5827,33,,66,25,165,15,20,73,35,100,91,60,206,73,49,87,1041,61,378,1969,393,217,185,88,102,192,91,alessandro
5826,71,,34,,99,,19,116,31,63,43,83,268,82,19,112,1153,136,615,1560,298,291,383,73,75,123,55,oscar
5821,52,,,,,,,,,,,,,,,31,,,19,66,762,845,3663,40,203,22,52,rambo
5818,33,,15,,15,,,,,,,,109,,,285,161,337,204,1641,1035,749,939,50,125,27,35,paris
5815,,,16,,,,23,20,,,,,,,,,288,68,166,2432,757,562,1180,39,99,58,30,durante
5814,72,,,,,,,,,,,,,,,19,387,175,401,3359,570,332,159,125,99,36,36,moreti
5810,68,21,110,19,267,,151,242,120,333,55,155,274,120,72,383,595,123,385,1082,206,152,157,69,160,377,104,vieria
5806,108,,,,26,,,75,,,,,,,,,322,49,147,322,448,437,3449,92,111,134,26,gularte
5805,70,15,38,,107,,46,88,72,187,59,157,588,37,42,960,735,92,390,1244,172,184,42,51,144,187,78,alexandrina
5804,60,174,132,,497,,,199,135,3523,71,,31,,,43,31,168,274,157,19,22,,17,60,82,73,ripardo
5796,86,31,136,,138,,37,296,309,817,123,352,329,41,19,112,533,51,388,1322,312,18,,62,78,121,64,brasilino
5786,76,,,,69,,,161,,,,,,,,39,791,88,570,615,362,506,1969,111,105,196,56,gulart
5786,71,,103,15,334,,24,579,103,853,115,47,124,,44,969,190,239,320,1193,72,42,147,,49,88,57,quinto
5783,,,,,,,,,,36,40,34,63,,,46,205,123,1787,2367,318,367,200,27,19,60,32,victorino
5783,24,,,,421,21,73,246,989,,,,34,,,354,983,57,568,825,172,37,180,24,155,417,164,vilarinho
5782,112,,33,,172,,30,59,54,37,16,23,164,86,39,588,176,686,155,1315,552,211,714,85,236,140,64,fim
5778,,,307,,50,,,15,18,58,69,288,96,24,,85,178,128,929,2296,312,108,571,30,31,45,85,novo
5778,52,,99,,124,15,28,105,92,372,133,107,304,44,26,217,741,76,436,1358,342,344,296,60,107,177,100,silvana
5766,98,38,66,33,234,17,,222,119,406,264,172,824,155,97,189,357,20,140,1037,451,183,105,59,160,193,113,kauan
5765,22,,72,298,141,,171,275,,284,26,146,92,,,1089,204,24,398,1398,165,141,172,193,107,229,90,malheiro
5765,30,,54,22,122,,22,114,57,140,345,217,1082,234,65,45,405,27,206,1283,594,171,30,84,137,182,72,mayara
5758,,,,,,,,,,,,,,,,15,78,,74,207,877,720,3420,78,169,25,28,haas
5756,32,20,165,,135,,,22,,85,67,56,137,28,20,559,782,110,585,1720,308,211,233,81,117,189,51,souzs
5743,,,,15,45,,,,,,,,,,,,33,,103,190,550,1152,3395,60,106,20,17,hahn
5736,40,22,92,,113,,22,58,45,162,81,54,186,46,26,329,701,88,580,1689,377,179,236,89,145,269,83,okiveira
5733,56,17,2873,86,33,,,,,,,,,28,,67,121,30,331,1127,329,250,193,42,29,36,,aparicio
5733,,,40,,41,,19,36,,100,56,50,191,24,,103,507,75,460,1461,1081,400,651,143,56,99,89,van
5718,,179,982,,60,25,,64,134,836,,27,754,1046,24,93,353,,301,446,54,23,133,27,16,30,55,vercosa
5703,105,20,76,,83,,,50,38,150,34,59,164,80,47,190,486,171,242,1039,1014,805,454,112,108,108,41,valter
5701,,,318,18,4182,882,,,,,,,,,,,,,74,38,23,62,,,,25,15,gemaque
5692,154,,42,,41,,35,60,,40,53,81,458,1102,39,1368,130,29,411,1107,108,40,,127,75,69,77,jatoba
5691,34,,58,,58,,,,,,27,17,,26,77,60,127,15,578,1488,510,519,1322,626,44,21,47,alegre
5684,29,,51,,110,,,18,,103,239,1175,775,355,30,98,145,39,499,1275,168,203,73,34,89,112,35,santino
5683,33,,,,,,,,,,,,,,,,23,,35,144,654,3237,1204,121,99,34,35,michels
5675,106,,478,1005,51,,22,15,,30,,16,65,,20,271,174,86,250,1008,456,482,507,353,88,94,55,rivas
5672,19,,,,,,,,,,,,,,,16,92,740,146,1657,1171,889,647,139,80,25,15,zanoni
5666,59,28,107,,299,30,65,245,84,251,93,120,302,115,33,465,752,108,387,1076,230,109,108,78,131,311,69,ferrira
5658,33,24,157,65,335,57,136,942,101,147,60,199,541,68,,57,249,,599,894,131,73,54,49,128,352,181,frasao
5657,36,,46,,,,43,35,,30,,,48,54,39,1034,566,53,150,1333,455,513,531,67,117,341,135,guarda
5649,60,35,113,32,307,35,101,435,146,429,105,115,679,204,41,212,307,64,567,880,131,58,112,86,111,176,108,barroa
5649,53,,86,,253,22,38,101,36,179,27,77,131,35,21,284,1082,153,523,1214,297,162,237,112,136,300,77,gonvalves
5645,80,24,87,18,171,21,18,89,83,220,141,126,561,102,51,118,934,46,246,1265,421,220,137,78,127,179,82,sabrina
5639,29,48,125,120,203,,24,37,51,115,58,29,134,29,,81,485,61,402,1147,333,185,458,262,121,975,105,jaime
5634,19,,,,46,,,,,,,,,,,,116,20,35,1109,545,1318,2162,85,61,28,33,lunardi
5634,133,19,120,18,332,24,114,253,76,148,85,122,205,90,21,484,726,122,302,810,177,111,311,95,281,351,104,numes
5632,56,,67,41,69,,25,111,185,194,73,91,459,145,106,322,679,116,326,1658,187,127,101,96,134,139,108,arnaldo
5632,54,,73,,105,,38,86,40,200,131,81,94,31,,250,924,103,502,1512,286,264,206,117,92,305,104,ferbandes
5624,58,,245,,,,,,,,,,,,,23,58,,94,531,258,91,1151,2859,116,43,24,arce
5624,64,,515,,580,135,,37,,17,,,91,38,85,333,1546,66,349,1175,134,40,125,84,50,74,41,xisto
5617,37,33,92,,149,,35,116,48,338,110,115,321,106,40,288,457,56,407,1597,411,167,273,64,78,209,65,lims
5615,,,,,29,,,28,,24,21,21,44,35,1018,3349,145,51,257,368,33,35,,15,23,40,24,dorea
5615,41,,,,16,,,,,,,16,,19,,40,358,274,1207,2357,323,204,591,24,40,25,35,raymundo
5612,15,,92,,,,,44,,19,16,,37,,,697,1115,83,455,2121,317,41,137,121,129,48,74,papa
5610,32,,30,,78,,,35,43,101,90,204,449,73,91,247,722,78,389,1477,408,472,247,40,74,132,69,bernadete
5605,,,59,20,59,,,43,16,159,86,84,343,57,28,73,585,79,571,1837,406,226,244,328,73,108,90,andrea
5604,22,,51,,221,,36,56,19,,,,75,68,,47,917,112,503,2422,428,111,254,38,75,53,46,guido
5601,48,,56,17,116,,34,128,89,424,114,146,305,111,120,483,631,104,365,1309,160,212,78,62,109,223,136,nilton
5601,39,19,104,29,364,21,93,191,136,391,56,74,176,33,28,251,687,100,291,1080,248,91,283,125,190,387,114,rodrigies
5597,57,,38,22,125,16,19,74,52,191,206,111,645,124,55,142,411,24,192,1454,667,290,159,84,147,200,80,maiara
5594,78,,54,,54,,,28,34,156,56,106,300,236,29,191,744,122,466,1506,374,307,182,91,96,279,69,alcides
5594,31,,,,56,,,27,15,,,,27,,,175,658,128,470,1220,377,553,1248,65,122,322,35,risa
5590,75,58,134,,35,,21,709,76,20,43,,23,,,38,537,478,841,962,405,80,831,43,53,51,52,rubim
5587,68,,22,,298,17,,25,88,62,,,27,,,15,56,119,320,1201,883,433,1400,314,145,23,31,cavaleiro
5585,46,,,,22,,,,,,,,,,,49,539,260,218,1886,748,542,874,67,213,60,34,testa
5584,35,,76,29,148,26,19,156,96,214,165,147,938,193,41,137,479,30,300,1172,422,180,122,56,122,193,80,milena
5583,62,18,90,18,244,,61,151,120,328,58,80,185,49,25,188,752,116,341,1331,275,111,265,95,107,370,132,rosrigues
5581,48,,,,,,,,,,,,,,,40,311,513,145,2347,581,645,734,62,77,28,,rissi
5577,31,,39,,110,,49,52,62,209,53,74,135,38,24,245,768,71,430,1816,312,169,202,63,128,404,79,akves
5576,42,16,112,22,186,15,20,105,52,113,137,94,553,104,53,158,796,27,383,1502,297,176,153,75,88,222,75,manuela
5574,47,,,,,,,,,16,,,26,76,,18,453,60,275,1881,570,170,777,1030,85,21,18,aranda
5574,23,,,,,,21,,,,,,,,,22,151,,154,2289,864,486,826,347,244,59,36,zanata
5572,50,,43,,213,,26,322,22,18,63,,27,15,,60,2034,640,305,811,176,34,,34,81,425,133,vidigal
5569,49,,,,,,,,,,,,,,,,248,373,147,2810,737,477,462,65,91,21,19,moreto
5567,23,,,,,,,,,16,,,19,,,33,138,199,200,2022,615,477,1423,129,112,62,42,farina
5567,17,,57,75,47,,,,,,,,,,,28,156,15,239,2982,548,128,270,650,86,132,65,prieto
5565,19,,48,,108,,20,66,24,62,25,28,81,,,164,976,97,389,1987,300,185,257,74,360,199,57,campis
5550,53,,,,50,,31,27,,,185,,,,,197,1648,156,326,1309,789,165,,58,108,336,56,paulista
5548,23,,46,27,75,,,110,72,60,101,90,315,84,44,105,2315,26,229,889,289,107,73,50,72,227,97,emanuelle
5544,,,,,23,,,,,,,,,,,26,191,134,458,3615,411,191,208,119,45,18,35,morelli
5541,63,,45,,97,,35,89,55,146,99,79,216,34,30,171,861,61,266,937,361,837,250,99,301,327,64,justina
5540,26,,,,53,,,,,,,,,,,36,3025,331,904,526,155,88,212,,,20,87,cotta
5536,,,19,,37,,,,,,,,16,,,18,59,244,80,727,1625,840,1514,59,161,53,28,zeni
5534,15,16,52,,20,,17,91,89,405,22,1000,124,,52,159,908,663,413,583,137,125,388,22,61,39,123,candeia
5532,32,,57,18,221,33,67,159,68,151,58,66,140,36,34,425,838,147,565,1218,234,132,251,119,88,256,108,diaa
5528,60,,,,48,,16,,,,,,,,,,262,299,128,1941,620,1450,556,53,34,18,18,pagani
5527,17,,207,240,28,,,15,,111,1244,267,388,,,31,173,29,346,1701,209,135,156,24,39,66,86,chacon
5526,89,,,,191,,16,25,,828,89,25,15,129,15,47,1315,163,728,1064,136,193,68,33,33,238,60,firmiano
5517,37,,39,,123,,,114,51,115,47,54,252,48,27,122,381,58,359,852,204,59,143,2052,154,107,75,riquelme
5510,86,,,,,,32,,,,,,,,,24,264,854,130,1787,421,473,1198,38,89,42,22,perini
5509,51,,,,,,,,,,,,,,,,27,16,30,196,648,3059,1326,22,94,,,possamai
5505,51,,73,32,145,,,91,54,212,118,128,571,103,37,152,959,42,230,1270,392,202,94,58,117,228,114,isabela
5501,34,,,,,,,,,,,,,,,31,49,16,32,2985,986,460,500,105,170,80,16,batistela
5498,40,,63,,285,43,18,75,28,52,53,48,132,47,18,94,1126,82,590,1143,531,317,214,57,145,182,94,patrick
5498,52,,,,23,,,,,,,,,,,,112,64,23,3003,1339,419,182,136,70,28,22,vicentin
5495,67,31,189,25,244,21,42,44,,129,74,65,205,26,34,505,712,137,534,1038,259,224,271,92,178,246,92,soza
5493,52,15,66,26,73,,,45,22,149,182,141,319,148,64,101,798,206,987,1281,211,95,102,100,74,132,78,bazilio
5493,,50,78,28,30,,133,157,28,234,1489,281,221,,,152,1382,79,166,535,75,,,26,28,150,115,jacome
5487,,,,,118,,52,,,,,,,,,290,749,79,1185,482,56,78,685,61,187,1001,395,albernaz
5486,49,,148,16,105,,,65,37,168,93,103,256,71,50,184,678,85,811,1409,261,171,266,173,68,109,80,alvaro
5483,63,,78,17,250,,32,139,34,60,35,44,119,64,58,665,446,131,579,1295,306,235,280,69,263,139,65,rei
5479,54,,,,20,,,,,,,,18,,,38,2476,269,1148,801,153,57,39,27,43,182,106,bretas
5479,111,,18,,2608,271,,,,,,,,,,118,774,400,104,626,162,40,30,41,76,25,26,cantao
5476,97,,,15,48,,,,,,,,,,,17,35,1310,69,55,254,640,2774,24,73,15,29,holz
5475,30,19,74,20,175,,48,160,91,154,38,84,140,30,,328,738,113,407,1437,254,194,214,103,133,387,80,oereira
5472,44,,35,,149,,26,83,52,169,18,81,137,26,28,313,1058,115,476,1162,396,211,264,113,92,319,85,goncalces
5472,47,,20,15,,,,,,,,,,,,,541,26,97,2672,577,503,578,163,102,21,26,milan
5471,,,,,,,,,,,,,,,,,1581,,34,3535,157,30,,15,16,39,,donizetti
5469,34,,,,,,,,,,,,,,,,407,284,93,3537,680,58,62,58,85,101,30,padovani
5466,53,,,,16,,,,,,,,,,,,94,82,66,869,1038,1249,1564,95,247,46,,bedin
5466,39,,64,15,383,,65,401,291,610,44,91,62,,,244,491,46,199,1344,76,72,55,26,110,565,135,soysa
5458,27,,,,27,,16,,,,,,,,,22,35,40,109,526,1067,1222,2076,67,114,33,23,lang
5458,40,18,137,,130,17,,54,,61,17,,103,19,,90,194,404,207,2188,457,126,674,233,119,79,32,rui
5457,71,,121,117,109,,17,64,44,161,39,43,163,41,20,99,374,78,533,1821,466,176,479,110,132,110,54,ernandes
5456,65,24,108,,222,21,78,156,104,316,59,68,157,44,25,256,818,102,408,1165,245,117,310,61,110,321,82,rodrogues
5455,47,,73,,175,,,45,,34,,,19,23,26,498,666,158,546,1249,394,187,702,155,150,210,58,bitencur
5455,63,,,,75,,,34,24,203,248,1201,749,65,,75,247,60,545,812,66,663,111,,47,76,40,genuino
5452,60,19,92,37,215,17,,133,87,279,308,133,584,160,63,94,552,24,210,1237,384,157,172,86,111,148,84,yasmin
5447,,,,,61,,100,,,305,,,,,,1319,1868,234,581,413,31,23,,17,15,256,162,melgaco
5440,50,19,55,26,161,,19,109,103,275,281,187,623,116,48,160,785,36,241,1054,264,155,116,75,114,233,121,samara
5439,,,68,83,2252,21,,22,,17,,,62,,,250,162,57,292,1472,144,114,225,31,21,45,33,carrera
5429,43,,108,16,222,35,26,116,41,88,35,80,343,55,42,370,529,124,781,1088,288,207,265,197,69,154,97,ramoa
5421,53,,15,,34,,,,,25,16,,48,,,297,507,159,528,2076,388,705,271,51,83,42,51,leoni
5418,26,,,,,,,,,,,,,,,22,74,268,74,2780,997,282,581,108,142,21,17,rosseto
5417,,,,,109,22,,,,,,,,,,39,160,74,223,1929,758,624,1237,81,76,28,,secco
5416,62,,,15,27,,,,,26,,,,,,55,282,660,115,466,878,949,1550,77,163,15,40,hoffman
5398,24,,,,22,,,15,,,,,,,,,219,209,170,2960,571,109,726,164,92,64,21,bonini
5389,22,,,,31,,,16,,,,,,,,15,40,,157,624,916,1108,2182,77,107,21,44,richter
5381,75,,,,18,,,,,,,,,,,23,142,281,216,661,782,1188,1761,53,126,21,16,schimit
5379,72,,66,23,141,15,15,97,69,75,206,113,561,136,45,103,936,35,93,1117,436,109,74,110,251,388,82,gabriely
5379,55,,76,35,138,,41,112,46,94,187,1295,313,60,38,379,287,64,514,882,222,75,133,79,78,107,52,ramo
5376,128,,68,,159,,23,,,,,,,,,2481,250,82,152,1481,146,30,26,131,46,42,73,moitinho
5372,,,,,31,,,,,,,,,,,,48,,32,369,645,1245,2738,71,113,34,,heck
5368,220,43,15,,27,,,,,,,,,,,24,1163,517,1497,464,178,21,1015,,66,34,28,lanes
5366,50,,377,,340,39,42,266,63,65,22,21,112,28,17,126,246,55,279,1070,525,531,506,73,210,217,59,mores
5363,41,,,,,,,,,,,,,,,18,21,,60,400,253,138,1005,3071,261,42,,ajala
5362,36,18,51,19,139,,,82,53,150,98,121,604,62,17,73,732,20,209,1324,574,295,170,94,116,185,93,thais
5361,,,19,,18,,17,17,,231,,,182,,50,522,516,414,430,305,48,,,163,37,1803,516,roriz
5361,104,,76,44,152,,17,107,27,106,70,64,154,134,31,169,631,160,579,1286,439,219,257,96,140,197,80,rose
5360,100,,,24,16,,,,,22,,,33,,,46,255,537,208,452,314,529,2575,22,96,38,46,peter
5358,59,,2080,21,1026,,,61,18,57,18,,35,,,57,229,40,216,497,161,177,236,49,58,166,39,mar
5352,,,50,,152,26,15,,,,87,21,44,,,284,555,243,747,2050,270,119,399,56,40,60,64,iglesias
5351,20,,,,,,,,,,,,,,,,15,15,64,161,301,756,3719,170,55,,16,carpes
5342,80,21,120,,395,28,138,448,118,201,105,38,135,23,,534,548,104,364,842,238,130,115,98,168,244,81,rebeiro
5338,,,,,,,,,,,,,18,,,,346,251,76,2513,715,605,606,36,60,27,16,bertolini
5338,40,,,,,,30,,,,,,,,,17,144,103,104,2498,814,448,765,110,112,58,48,galli
5336,25,,20,,,,,,,20,,,34,,,175,299,624,208,1254,549,777,874,134,110,90,76,mariani
5332,52,,37,,42,,22,24,16,67,17,19,77,26,,112,374,38,237,1760,861,338,820,88,130,96,47,mari
5332,16,,,,63,,,,,,,,,,,21,323,,156,2842,498,808,210,38,124,168,51,masson
5325,77,87,103,48,161,,,83,58,974,49,,66,18,42,170,686,48,630,771,187,693,140,15,74,71,54,brigido
5318,30,,26,,227,,53,153,17,,,,176,23,,50,409,510,221,314,187,1077,691,589,66,379,82,espindula
5315,15,,,,,,,,,32,,,29,,21,,,15,63,75,260,1714,2994,,,,26,raupp
5311,22,,33,,39,,,27,,,,,39,15,,35,126,64,256,2773,630,301,677,38,75,77,20,polo
5303,45,,25,,101,,16,56,18,41,67,45,189,39,16,89,1079,58,594,1813,336,149,51,60,98,219,74,criatina
5298,,,19,,58,,17,,,,,15,21,,,85,484,78,449,2257,801,181,234,141,125,189,82,el
5297,42,,60,20,288,27,61,665,114,22,,,22,19,152,825,405,140,211,782,146,104,85,59,533,370,121,domingas
5297,47,,200,,113,,35,426,,130,430,274,683,212,40,125,152,,249,1380,391,57,26,129,53,56,52,mandu
5296,,,27,,,,,,,,,,17,,,32,32,,70,514,278,118,349,3493,224,42,26,jara
5294,19,,84,,223,,95,227,218,1134,49,15,587,25,,124,128,24,331,1068,137,47,37,94,114,324,164,arraes
5294,55,19,97,,240,21,33,206,100,242,82,95,192,74,24,230,594,116,594,1167,293,130,181,100,92,203,100,ferreiro
5286,49,,38,,137,,20,71,51,116,34,82,305,43,22,203,518,116,570,1366,303,225,365,310,124,122,66,dolores
5286,58,,15,,20,,,,,,,,,,,,299,147,448,1752,754,408,975,71,133,133,39,valin
5279,22,,18,,52,,,67,,,,,49,66,,304,1511,133,734,1076,280,197,115,62,85,278,188,alvin
5279,21,,68,17,92,,,73,52,64,30,23,131,64,32,124,807,123,654,1564,446,253,188,98,110,144,86,robert
5276,43,,49,76,20,,,,,,,,,,,39,118,68,145,3116,540,102,490,155,164,56,19,carrasco
5274,45,,17,,48,,,,,,,,,,,,164,744,48,1287,963,183,1414,143,103,51,16,cogo
5272,29,,,20,19,,,,,29,,,21,,,98,721,61,442,2523,455,70,406,137,76,70,63,greco
5272,56,50,162,30,321,30,37,221,92,382,242,190,455,66,89,550,279,130,419,810,162,83,83,41,88,139,65,nascimemto
5272,21,15,551,54,614,56,17,140,20,37,116,71,88,24,141,262,245,126,713,1025,255,199,153,37,113,117,62,smith
5261,19,,,,15,,,,,,,,,,,18,39,,,776,970,1016,2177,41,112,24,,carniel
5257,,,25,,16,,,,,25,,41,62,,,225,622,114,1796,1268,270,132,364,31,,64,145,velloso
5255,72,37,85,25,257,24,49,164,47,192,64,55,114,34,44,357,610,80,546,1326,248,115,139,95,141,253,82,abril
5247,40,15,42,,150,15,,70,58,329,118,70,358,83,36,168,644,34,388,1291,415,259,230,70,110,157,75,alan
5247,33,,26,,82,,,30,,125,102,283,1328,270,,108,65,119,211,928,1118,70,169,43,34,17,59,duda
5244,19,,,,46,,19,,16,30,180,317,2033,195,65,238,83,28,246,1100,126,16,,24,47,221,176,patriota
5242,,,,,,,,,,,,,,,,,129,19,31,1366,1236,1526,555,133,146,22,18,bonetti
5239,,,77,145,87,,,,,,,,,,,,188,16,470,2777,802,160,109,74,62,170,55,granado
5236,37,,33,,85,,17,43,23,165,76,91,127,18,29,106,717,95,595,1617,398,159,204,102,129,270,80,lourenzo
5225,34,,23,,57,,22,65,27,246,222,466,658,255,,165,413,381,435,1297,187,38,,46,24,96,34,guilhermino
5224,18,15,,,67,,31,,57,,,,22,16,137,1213,1232,175,293,1353,160,29,,,196,122,45,profeta
5219,39,,,,,,35,,,,,,,,,,286,75,79,3134,1051,42,156,112,102,57,17,cavalari
5215,33,,49,41,86,,,58,49,122,101,47,356,111,34,96,1093,28,186,1542,278,214,255,58,74,214,63,daniela
5203,44,26,52,22,91,,32,331,244,423,44,129,302,28,17,316,771,120,364,1082,117,191,25,42,94,207,88,altino
5196,37,,440,93,126,,,59,,30,20,28,52,,25,67,341,54,118,2387,365,128,199,116,67,284,112,sandoval
5194,54,15,63,23,93,,,76,60,217,100,86,409,64,,84,884,40,219,1319,519,213,137,70,149,201,68,amanda
5193,91,17,102,17,344,35,80,127,61,104,80,92,234,37,,270,592,345,618,911,297,103,114,91,135,207,76,coltinho
5187,,,,,,,15,,,,,,,,,27,400,317,192,1273,689,446,1469,53,189,17,42,lodi
5183,28,,59,47,71,,23,64,,107,,,147,,,144,343,168,425,917,214,170,1891,46,68,148,40,loreto
5180,47,32,173,23,258,,71,296,155,354,72,77,171,28,27,413,483,127,423,1058,190,135,98,74,96,215,71,soua
5177,,,403,247,213,,18,70,44,31,173,71,152,63,33,1705,345,60,219,645,95,36,,33,129,214,151,mangabeira
5167,31,,,,,,,,,,,,,,,,49,17,96,939,1093,930,1813,34,91,,15,bordignon
5155,,,,,20,,,,,,,,,,,,62,,50,433,3005,1122,268,40,57,26,,novak
5149,42,,,,39,,,,,,,,,,,,101,604,141,1748,711,1453,140,58,49,,,zanelato
5139,,15,,,30,,44,331,38,31,,,30,,,1762,514,59,80,1601,112,,63,135,64,125,34,seles
5118,,,,,,,,,,,,,,,,31,3461,101,527,594,108,,25,,56,84,44,penido
5111,44,,157,66,20,,,,,,16,,,,,101,62,18,363,476,243,312,1749,1300,53,41,51,velasques
5098,26,,,,,,,,,,,,,,,,,,32,236,220,223,2779,1360,129,23,18,maidana
5098,,,15,,24,,,34,,102,76,23,107,110,158,2068,96,327,1062,544,120,22,21,,22,58,84,pitanga
5096,17,,,,23,,,,,,,,,,,20,130,75,136,752,865,1142,1505,162,135,31,37,lange
5095,,,58,,238,,1038,930,55,24,48,,21,16,,59,396,72,811,755,38,18,19,,83,272,107,guida
5094,,,,,25,,66,,,,,,,,,,1995,23,168,797,102,19,147,57,161,1340,131,gomides
5090,,,18,,31,,19,,,57,33,49,91,15,,43,1803,48,217,832,1219,79,40,68,50,251,83,tulio
5089,51,54,196,48,115,,16,164,74,1811,106,521,144,58,,121,63,,269,782,72,42,39,49,34,82,149,grangeiro
5081,17,,,,,,,,,,,,,,,,43,,26,689,1727,815,1500,59,117,,41,cavalli
5070,15,,,43,34,,,,,,,,,,,,33,,33,219,1018,1373,1921,59,184,70,23,paludo
5070,31,31,46,,,,,,,,,,,,,17,56,15,28,4692,25,,,28,,18,33,quispe
5057,,,,,16,,,,,,,,,,,67,30,38,68,120,114,501,3924,20,,18,84,ilha
5035,45,,,,17,,,,,,,,,,,,139,506,73,1709,399,458,1374,31,95,58,63,rizzi
5032,,,77,732,4062,,,,,,,,,,,,,,,68,,,,,47,,,wai
5023,30,,17,,43,,,,,,,,,,,41,32,20,74,455,532,2597,942,53,103,19,25,may
4991,19,,47,,,,,,,,,,,,,22,245,1507,110,894,489,636,780,120,25,17,30,merlo
4988,19,,,,22,,,,,122,19,75,82,,,22,2773,72,274,1108,121,17,,21,30,103,46,imaculada
4987,,,21,,1917,15,20,,,,,,30,,541,201,92,37,563,1140,59,76,44,62,22,23,76,faro
4983,,,,,52,,77,177,974,481,45,64,324,393,,31,133,,203,442,145,,,,82,1167,118,calaca
4961,,,,,,,,,,47,,,23,,,,24,,58,123,53,192,4257,128,24,,,bica
4958,,,,,23,,,,,,,,,,,79,2092,117,1688,454,169,36,58,,63,27,56,senra
4949,56,,,,48,,,,,,,,,,,41,331,1562,1439,524,380,286,85,28,99,15,,mozer
4942,,18,,,101,,,131,,,,,30,,16,429,467,1616,857,419,410,168,132,,21,31,47,trancoso
4936,,,,,,,,,,,,,,,,16,61,,38,1967,295,1248,1067,53,67,22,38,fachini
4925,,,21,27,1343,33,20,134,679,21,,,90,17,,241,85,150,780,741,165,51,63,,36,53,138,barradas
4914,,24,,,20,,,,,,,,,,,,184,367,35,331,841,865,2023,49,103,,20,bortolini
4909,,,,,,,18,,,,,,,,,,64,,104,800,827,813,2043,36,58,33,27,corso
4906,32,,,,,,,,,,,,,,,,,,15,757,1564,891,1460,22,87,30,,anhaia
4900,32,,,,,,,,,,,,,,,,,18,26,426,758,2293,1121,75,81,,16,sartor
4898,25,,,,51,,30,23,,15,,,24,,,371,2033,201,1208,607,51,,,,42,72,57,laje
4898,67,,,,,,,,,,,,,,,39,377,1386,139,1300,741,381,258,33,51,62,25,sperandio
4897,,,,,21,,,,,21,,,,,,15,31,53,36,742,613,1173,2007,46,74,,15,comin
4890,,,,,,,25,46,,15,,,,,,,56,41,62,645,859,1234,1457,89,175,67,59,sandri
4839,,,,,20,,,,,,,,,,,,,,34,84,710,2023,1717,49,126,,,mohr
4813,22,,,,59,,,98,69,136,36,74,1111,608,51,248,224,20,225,1424,124,20,,42,70,67,38,quiteria
4803,,,,,,,,,,,,,,,,21,207,19,438,312,562,1251,1790,29,61,25,29,vogel
4792,,,,,,,,,,,,,,,,,61,3611,1004,52,,,,,,,,marvila
4791,,,,,,,,,,,,,29,,54,3627,54,33,155,695,21,19,,16,,21,19,suzart
4777,50,,93,38,93,166,25,51,28,1084,27,38,284,,42,56,328,422,677,706,180,17,61,16,21,90,176,tavora
4776,88,,,17,,,,22,,19,,,33,,,87,199,233,169,783,569,641,1615,51,94,65,43,ross
4774,29,73,57,,202,,25,155,85,1244,100,247,206,447,47,69,168,66,356,564,134,62,53,25,36,108,205,madeiro
4770,,,,,299,,,1007,57,,,,,,,205,131,23,428,1135,113,294,911,23,37,,32,roxo
4756,33,,20,,144,,20,154,32,50,,,20,,110,1425,559,125,204,1069,169,90,62,41,79,233,72,dejesus
4752,20,,,,,,,,,,,,,,,,38,,48,241,220,135,280,3563,121,26,15,cristaldo
4750,133,,,,119,,,,,,,,,,,27,2019,440,1041,372,156,47,,,77,48,222,emerick
4750,46,,,25,,,,,,,,15,,,,17,217,15,38,1389,767,385,1505,147,83,32,30,reginato
4746,,,,,47,,,,,,,,,,,34,40,249,39,209,569,731,2595,28,115,16,20,friedrich
4730,37,,,,31,,,,,,,,,,,,146,358,63,737,568,1338,1127,67,177,21,19,zanette
4727,52,,,,59,,,,,,,35,357,65,,23,109,,80,993,1314,782,563,33,155,26,,castanha
4724,,,18,,329,76,,365,,184,,,51,,41,1169,394,31,579,892,67,57,279,32,30,49,55,vinhas
4719,,,,,579,24,,71,,,,,102,37,,1536,96,51,535,1270,118,19,,35,26,58,97,cardim
4698,25,46,176,,435,,18,80,66,1376,,75,1147,,,244,75,42,115,444,53,25,64,,34,55,52,angelim
4688,54,24,,,98,,,62,,48,17,,75,132,15,1576,444,288,89,1032,222,196,120,63,76,16,,tigre
4681,30,61,70,131,136,,,83,,44,,,35,23,,71,132,,229,653,358,180,505,1624,130,75,41,valdez
4671,42,,27,,237,22,30,232,77,46,15,21,66,38,95,1126,480,143,252,793,197,139,83,76,109,223,78,jusus
4666,17,,,,1703,17,20,,,22,,,,,,195,306,,56,1458,412,66,30,75,162,41,28,moia
4657,22,,,,17,,,,,,,,,,,19,67,92,45,2160,385,1095,602,31,51,22,,nicoletti
4651,56,,,,,,35,,,,,,,,,19,84,1758,93,207,498,525,1155,41,103,,,loss
4647,31,,130,18,509,49,33,257,287,1584,15,16,86,,,107,66,42,293,566,47,32,139,,22,90,210,moita
4642,25,,130,,45,,,,35,49,30,91,53,65,,95,597,120,325,918,392,1101,305,49,50,80,46,crescencio
4638,,,,,,,,,,,,,,,,41,110,283,58,623,604,1821,934,36,74,17,,bertoldi
4635,61,,,,26,,,,,,,,,,,21,144,316,48,422,539,1575,1344,33,61,,27,daros
4610,36,,,,,,,,,,,,,,,17,69,100,37,551,614,1412,1528,30,150,,,tomazi
4605,19,25,45,43,129,,218,85,97,164,141,285,1059,696,39,160,174,42,209,586,65,,,40,71,117,63,vanderley
4600,34,,36,23,99,,17,238,2058,999,,117,,,,60,32,,112,340,28,22,,,,80,224,ibiapina
4600,,,386,15,3570,169,,15,,28,,,,,,,15,,120,107,16,36,,,16,,50,malcher
4599,,,,,,,,,,,,,,,,,95,154,45,1537,1413,658,523,65,56,,,polli
4598,,,,,27,,,15,,,,,,,,1409,823,32,29,1523,258,30,,129,180,68,25,ladeia
4596,30,,,,84,,,35,,,,,,,,36,1235,544,1482,437,179,198,122,23,33,47,85,heringer
4594,51,,,,,,,,,,,,,,,,54,,98,178,883,591,2403,45,153,42,27,lenz
4592,,,,,41,,,,,,,,,,,,,,33,138,422,503,3185,46,140,16,21,fleck
4590,25,,,,,,,,,,,,15,,,24,44,104,164,269,477,2704,632,22,59,,19,moser
4579,19,,,,,,,,,,,,18,,,25,2724,158,324,509,171,158,141,45,62,46,111,brant
4577,79,17,59,26,419,22,27,2190,,15,,,36,,,200,155,62,396,431,78,26,,30,37,151,86,durans
4570,67,26,26,,94,83,21,,,,,,,,,18,1954,377,227,952,372,41,,44,58,99,74,ruela
4566,20,,,,,,,,,,,,,,,19,289,122,160,271,700,1895,903,42,34,,43,peters
4562,15,,,,19,,,,,,,,,,,,,,20,106,694,1206,2251,46,123,,24,finger
4558,,17,,18,2759,24,,,,,,,,,,29,113,49,155,979,223,57,,,32,46,,peniche
4555,19,,,,,,,,,,,,,,,18,99,22,157,530,499,1271,1710,31,80,35,41,engel
4534,,,39,,2023,195,,,,,23,120,24,,,325,325,34,446,514,63,37,225,32,,33,41,vinagre
4531,34,19,3174,57,546,62,,,,30,,,70,,,54,,,170,78,37,23,119,,,,16,praia
4524,34,,,,17,,,,,,,,,,,,31,41,120,111,480,1385,2080,49,112,17,,schimitt
4520,,,23,,36,,,,,,,23,24,,,38,224,197,52,1684,490,1006,381,54,183,30,18,dela
4509,52,,77,57,20,,,23,,23,,,27,,,71,280,25,282,953,414,465,1432,74,76,62,38,andres
4505,62,,,19,34,,,,,,,,,,,,38,,65,143,665,752,2472,32,97,21,38,matte
4497,18,,21,16,90,,22,100,50,97,169,312,1144,309,35,152,382,44,265,762,56,31,32,36,55,182,97,betania
4497,,,811,,136,257,,40,,,17,,258,88,31,131,205,53,1443,748,78,27,41,41,,21,42,malafaia
4478,17,,17,,,,,,,,,,,,,,,,,196,409,1500,2112,26,85,22,24,reichert
4475,23,,16,,40,,,23,,,,,31,,33,1406,410,23,212,1342,338,88,118,100,89,57,86,vilasboas
4463,25,,,,,,,,,16,25,,48,32,,368,87,154,1922,1283,250,48,27,21,26,66,,moco
4449,,,,,,,,,,,,,,,,,229,347,67,1183,613,1320,513,32,75,,,zonta
4447,24,,21,,,,,47,36,1203,55,324,217,232,79,175,362,81,268,888,101,36,,50,18,91,90,temoteo
4446,23,,,,17,,,,,,,,,,,,53,,54,397,634,1147,1807,45,143,22,55,horn
4444,17,,,,,,,,,,,,,,,15,47,77,173,1126,325,803,1658,67,72,,,piccoli
4444,23,,,,25,,,,,,,,,,,,37,,94,255,522,2144,1257,,18,16,28,voigt
4434,,,158,296,22,,16,,,23,,,34,,,29,123,,98,1164,375,236,636,1029,55,48,35,barrios
4432,190,,,,,,,,,,,,,,,44,,174,22,175,259,458,2947,27,22,20,34,timm
4411,16,,22,,,,,,,,,,,,,,133,184,91,177,427,1471,1725,21,62,20,,schaefer
4397,41,,16,,18,,,22,,87,42,33,102,37,,26,262,,108,613,372,573,1744,58,141,33,23,vivian
4394,,,,,,,,,,,,,,,,,142,528,168,626,236,421,2044,46,45,29,67,bolzan
4376,,,,,,,,,,,,,,,,,44,15,33,168,352,672,2918,22,78,,18,bergmann
4375,35,,,,,,,,,,,,,,,53,50,660,17,191,693,731,1728,43,50,68,,scopel
4374,60,,297,,23,,,,,,38,,47,,,27,65,90,71,350,699,662,1699,51,78,38,29,kramer
4362,37,,,,119,,,,,25,18,31,,,,34,57,,65,323,347,816,2311,17,38,27,41,arnold
4349,23,,17,,141,,395,217,1112,,,,32,67,18,211,60,56,59,832,31,35,164,18,143,382,312,folha
4331,20,,,,19,,52,56,25,68,,19,142,,,77,1204,129,100,399,29,22,,224,48,1486,180,rodovalho
4327,,,,,,,,,,,,,21,,,20,88,16,85,417,657,874,1903,46,106,24,,hermann
4325,21,,,,,,,,,,,,,,,,37,,26,209,1088,2037,781,17,73,,,alberton
4323,,,,,,,,,,,,,46,,,19,113,,304,827,519,885,1367,45,109,,,hansen
4287,17,,15,37,,,,,,,,,,,,,66,,43,961,749,1706,554,20,56,26,,baron
4281,,23,107,16,108,,,229,160,1787,62,128,316,22,26,116,94,17,493,315,68,,,,16,38,97,mororo
4275,85,,,67,,,,,,,,,,22,,15,2114,120,680,624,34,,57,159,78,53,92,aredes
4274,19,,106,254,38,,,,,,,,,,,,79,,35,338,95,239,2925,27,,42,20,centeno
4268,,,,,,,,,,,,,,,,,26,,30,547,1544,1011,943,,61,,,hass
4267,19,,,,,,,,,,,,,,,,53,,55,810,703,1860,599,16,71,,25,savi
4265,68,,,,28,,30,,,,,,,,,32,17,,,604,528,671,2079,48,96,23,,michelon
4245,21,,107,,311,,26,,,225,,30,144,,,1205,181,20,187,1188,198,49,51,23,28,115,85,ledo
4241,,,55,18,,,17,,,26,53,168,1833,57,166,224,284,,211,692,85,52,84,40,22,44,74,figueiroa
4238,,,,,,,,17,,,,,,,,35,73,23,45,251,366,1880,1357,,93,33,,franz
4235,16,,,,,,,,,,,,19,,,,39,,30,254,1653,172,240,108,1633,22,20,taques
4232,,,,,,,,,,,,,,55,,20,24,40,160,95,226,342,3022,24,108,,61,canabarro
4221,,,53,28,239,44,,3016,,,,,18,,,,52,,202,278,29,29,,,62,52,66,arouche
4204,47,70,461,56,740,,25,1611,22,426,,,35,,,,41,,160,150,,35,17,,45,108,104,baima
4203,,,70,,26,,,20,19,1332,49,1360,144,33,18,67,32,,287,393,92,,,,19,56,114,cartaxo
4192,,,,,19,,,,,,,,,,,,76,,,1377,776,341,1404,38,69,17,17,tonin
4189,16,,,,15,,,,,,,,,,,20,25,,60,182,537,854,2299,25,72,24,,vogt
4187,,,,,,,17,,,,,,,,,,32,,77,685,652,1254,1242,50,88,23,,lorenzi
4182,48,,,,,,33,,,,,,,,,,30,122,32,268,402,1449,1587,53,83,21,,tomasi
4172,29,15,,,24,,,36,,248,283,1096,858,351,20,99,21,,212,572,53,21,,15,50,78,67,juvino
4146,,,52,70,49,,41,38,,20,41,348,1364,107,28,92,160,18,461,400,263,57,85,295,21,46,79,maior
4142,62,,,,,,,,,,,,,,,,,48,87,552,637,602,1970,86,51,,,rigon
4127,65,49,47,,41,,23,135,33,2590,,63,49,,,,89,,168,440,47,18,,32,25,83,68,facundo
4126,,,,,123,,3041,,,,,,,,,,,,,,,,,,759,154,25,karaja
4125,35,67,18,,57,,25,43,,581,28,131,106,1171,36,101,62,,174,932,110,17,,71,133,84,124,carnauba
4124,17,,,,,,,,,,,,,,,,,235,26,67,254,1501,1942,,22,,,klug
4121,29,,422,,133,135,,30,69,18,,25,,43,116,1586,168,66,501,389,127,101,40,15,,21,66,tourinho
4120,,,,,52,,23,,,503,,,,62,,1491,212,31,331,907,25,,,,61,169,177,cedro
4120,,,,,73,,,81,,,,,36,,38,2214,99,44,103,1289,16,,,27,20,17,15,peixinho
4106,23,,,,18,,,,,,,28,,,,21,74,40,45,144,413,1238,1871,43,102,18,,schafer
4099,29,,,,,,,,,,,,,,,,,17,,102,547,1086,2112,36,106,16,,junges
4093,,,,,31,,,,,,,,,,,15,135,175,53,941,1124,278,1219,27,18,16,,lovato
4092,,,,,,,15,,,,,,,,,31,47,1357,99,681,146,489,1138,,20,,21,canal
4085,56,,,,,,,,,,,,,,,,,,17,89,435,1356,1941,37,87,,,balbinot
4081,118,177,3748,,,,,,,,,,,,,,,,,,,,,,,,,apurina
4081,88,,,,18,,,21,,,,,,,,30,18,,16,117,491,663,2343,63,169,,15,kerber
4081,20,,,,16,,,,,,,,,,,,382,,102,1500,675,1015,191,38,54,33,,russi
4077,21,,,,16,,,,,,,,,,,,58,,28,343,802,791,1729,80,132,29,20,crestani
4061,,,,,,,,,,15,,,,,,,146,183,227,774,290,1067,1166,18,64,28,25,damiani
4056,30,,,,,,20,,,,,,,,,17,49,42,19,725,689,489,1709,31,144,21,34,poletto
4055,,,1539,,34,,,,,141,,,,,,22,165,1133,58,343,196,108,190,29,30,,,binda
4050,29,,,,46,,,,,,,,,,,18,25,18,35,357,259,1356,1799,19,46,,,steffen
4035,,,,,,,,,,,,,,,,,,,15,187,277,625,2782,27,25,,,bohn
4033,24,,39,,,,,,,295,150,1326,126,39,,74,119,21,376,808,120,97,109,18,56,65,132,izidro
4032,,,,,64,,,,,,,,20,,,27,137,254,2737,444,70,70,34,20,21,17,36,areas
4026,,,25,,91,,,,,49,,48,1835,110,32,90,78,41,310,1002,41,31,,67,24,42,47,gueiros
4022,,,,22,665,19,581,1849,,17,,,,,,,24,,77,245,18,,20,26,84,260,48,montelo
4010,39,,64,,21,,,,,18,716,1102,56,,,53,396,50,357,496,147,33,103,19,27,179,90,olinto
4009,93,,44,38,23,,,15,,46,17,15,41,,,67,234,24,219,873,412,144,346,1134,105,52,38,ayala
3997,17,,,,,,,,,,,,,,,,48,26,41,408,421,683,2197,30,66,20,,lazzari
3992,,,36,,60,,,53,31,111,397,300,1023,136,17,58,538,90,188,358,96,93,,37,55,213,56,karla
3991,,,,,,,,,,,,,,,,,26,,,148,580,588,2343,71,156,19,,manica
3990,144,,,,,,15,,,,,,,,,,25,196,32,114,284,492,2421,52,152,,21,roos
3987,70,,,,69,,,,,,,,,,,23,66,1327,55,1170,454,275,295,40,86,15,18,uliana
3984,15,,,,,,,,,,,,,,,,183,79,54,78,1232,693,1424,52,77,16,34,horst
3958,53,,,,15,,18,,,,,,,,,21,223,1370,129,966,337,151,259,56,105,177,57,perim
3930,,,,,,,,,,,,,,,,,22,,,235,3453,110,18,15,27,,,mainardes
3928,20,,1905,80,22,,,,,,,,,,16,,25,,31,339,90,80,94,1046,111,15,16,arevalo
3928,,,170,,538,,,67,46,2158,28,,18,,,,28,,269,289,19,23,39,,17,30,103,feijao
3927,,,,,,,,,,,45,,22,,,,75,,50,106,48,917,2545,,,,,magnus
3926,,,873,32,1654,25,,,,21,,,,,,53,162,22,271,552,83,,29,39,,,30,cerdeira
3912,,,,15,36,,,,,27,,72,77,,160,2334,39,,418,284,46,20,85,25,123,33,66,daltro
3912,,,27,,28,,,28,,34,,,20,,,296,200,390,1504,836,117,34,101,44,61,63,59,suzano
3908,,,,,,,,3897,,,,,,,,,,,,,,,,,,,,kaapor
3904,,,,,58,,,,,,,,,,,1840,230,408,842,237,70,16,,20,98,,23,morte
3903,27,,,,,,,,,,,,,,,,44,29,,1682,485,1015,407,43,97,15,,demarchi
3899,18,,109,22,3080,138,,,,,,,,,,,35,,158,101,35,42,84,,,,,feio
3894,40,,,,,,,,,,,,,,,,,,,133,919,2533,127,15,78,,,tibes
3892,62,,,,15,,,,,,,,,,,,21,,15,637,1352,448,1179,30,64,18,,gasparin
3889,99,58,66,,67,,,53,43,,,,,,,28,149,216,227,270,636,1247,364,188,96,29,,quadra
3882,,,,,,,,,,,,,,,,16,162,,79,191,359,506,2381,,66,15,43,kern
3882,,,,,34,,3721,,,,,,,,,,,,,,,,,,77,27,,xerente
3880,,,,,,,,,,,,,,,,27,55,,161,180,240,567,2437,47,39,43,17,lutz
3879,,,,,,,,,,,,,,,,,49,380,34,1086,680,1064,443,24,66,,15,frasson
3873,32,,,,,,,,,,,,,,,,16,,,135,119,44,109,3302,80,,,vilhalva
3870,21,,16,,51,,,,,,,,,,,,,,25,70,430,802,2090,55,238,21,,dill
3834,31,167,1012,60,43,,,74,50,561,23,,,,,,476,38,302,659,93,31,,,60,88,15,carioca
3834,,,,,25,,,,,,,,,,,,,,,,,,,,3704,45,,xavante
3832,71,,57,,40,,,,,,,,,,,91,85,2639,162,419,85,,,,25,32,76,altoe
3829,80,,,,21,,,,,,,,,,,45,178,1253,303,1005,324,69,308,77,68,29,36,sartorio
3822,20,,,,,,,,,,,,,,,17,19,,65,154,299,901,2014,71,167,18,,diel
3820,27,,653,32,2391,173,,15,,,,,,,,,,24,163,153,62,21,,,,25,17,alho
3816,,,,,,,,,,,,,,,,,,110,,160,666,1098,1459,,213,22,,dalmolin
3799,,,,,15,,,,,,,,,,,63,,,52,139,626,1524,1292,,28,,19,mueller
3798,,,26,,,,,17,,,,,,,,19,82,15,168,826,130,125,2197,52,,,36,vergara
3795,65,,,,,,,,,,,,,,,,193,140,328,1044,374,1029,472,18,54,22,,bonfante
3786,,,,,26,,,,,,,,,,,,34,,,97,563,1301,1425,62,196,31,,moresco
3785,,,,,98,,,,,,,,,,,51,27,,69,369,2816,230,16,54,18,,,biscaia
3777,,,30,,512,,15,211,74,99,31,269,99,,,1069,251,20,199,360,50,147,,17,,151,135,galiza
3773,20,,,,,,,,,,,,,,,,27,54,22,79,1639,934,834,20,82,,,mocelin
3773,,,,,,,,,,,,222,78,17,,,27,,257,93,96,1756,1143,,,,17,ouriques
3769,,,,,72,,,,,,,,,,,,45,,,90,787,2066,532,19,72,,,loch
3762,15,,,,,,,,,,,,,,,,30,37,42,290,732,841,1480,59,137,39,,berte
3762,32,,2087,33,522,19,,130,,22,,78,97,,,27,146,,171,145,46,51,60,,17,15,28,bruce
3762,,,,,,,,,,,,,,,,,151,244,73,841,1584,263,364,67,88,,40,menon
3756,,,,,,,15,,,,,,,,,,,,21,53,632,1046,1786,52,78,,,fritzen
3750,,,,,,,,,,,,,,,,,,164,86,208,429,1421,1272,47,49,,15,kohler
3734,42,,,,,,,,,,,,,,,46,18,,46,50,474,752,2088,28,92,31,19,kunz
3721,45,46,41,,23,,,,,,,,,,,,138,63,80,434,199,114,485,1702,255,30,36,coronel
3717,47,,,,,,,,,,,,,,,,73,,35,90,433,1485,1426,,72,,,schimitz
3711,,,,,,,,,,,,,,,,,,,,162,1907,628,811,40,86,,,kovalski
3708,,,,,,,,,,,,,,,,,,,18,50,285,302,2951,18,34,,19,bartz
3698,21,,,,560,,,45,,,,,,26,58,1159,207,16,153,694,65,29,,42,294,236,56,hungria
3691,23,,,,,,,,,,,,,,,,93,29,66,323,335,849,1876,,51,,,dietrich
3672,25,,,,,,,,,,,,,,,,,,18,254,479,921,1810,,98,,,baldissera
3661,26,,,,,,15,,,,20,,31,,,,23,33,49,302,485,753,1649,70,120,25,15,klaus
3654,,,146,,32,,42,,,,,,,,,,164,,181,907,55,49,44,34,58,1541,315,fleury
3636,,,,,,,35,,,,,,,,,21,766,135,158,150,39,89,1662,,46,432,72,nascente
3625,,,,,181,75,,2818,,,,,,,,,24,,154,140,,,,,44,60,52,melonio
3622,,,,,,,,,18,,,48,89,41,32,444,305,,199,505,262,1320,146,35,26,65,23,cachoeira
3622,,,,,,,,,,,,,,,,,949,178,1923,150,261,16,,,19,23,34,knupp
3620,,,28,,20,,,,,,,,,,,28,395,416,2166,255,60,31,,,21,17,96,boechat
3616,,,,,,,,,,,,,,,,40,42,127,18,262,375,941,1611,49,92,,,peruzzo
3614,,,28,,,,,,,,,,,,,,47,,62,368,219,84,771,1781,131,26,17,gamarra
3612,,,23,,,,,,,,,,,,,,166,,122,968,499,1124,565,,50,18,,tasca
3606,,,,,,,,,,,,,,,,,22,,58,178,766,812,1604,17,77,,,kremer
3596,,,,,,,,,,,,,,,,22,40,39,39,237,1238,918,864,42,57,28,,rossa
3590,,,,,20,,,,,,,,,16,,,45,158,329,367,495,1155,768,48,98,,35,schwartz
3587,,,,,,,,,,,,,,,,,,,,47,365,349,2619,26,98,22,,fuhr
3574,39,15,24,,78,,27,65,28,68,,34,72,79,98,1041,129,64,199,683,360,83,33,51,103,111,73,bomfin
3571,,,,3569,,,,,,,,,,,,,,,,,,,,,,,,sanuma
3568,16,,,,,,,,,,,,,,,,57,361,137,296,417,679,1381,38,60,42,49,zardo
3564,25,,,,17,,,,,,,,,,,,23,683,26,723,198,186,1380,38,168,49,,facco
3562,,,,,,,,,,,,,,,,54,34,135,28,771,1898,155,368,23,35,,19,betim
3557,32,26,42,,157,,90,289,347,1043,,18,44,35,,233,61,19,120,379,63,29,,84,58,215,149,brauna
3539,,,77,42,21,,,,,16,,,,,,27,25,177,55,840,167,123,1582,287,38,,,messa
3528,43,,407,39,462,62,,1771,,,,,,,,143,42,16,154,121,17,,91,17,18,47,31,froz
3497,,,15,,28,,,,,19,,,,,,41,67,53,59,328,486,814,1402,16,66,27,20,adam
3495,17,,,,,,,,,,,,,,,,27,,,175,460,741,1880,28,105,,,reck
3491,16,,,23,21,,,,,,,,,,,,,16,36,60,552,592,1881,70,130,26,16,dresch
3490,,,,,22,,,,,,,,,,,,27,,32,68,500,663,1995,18,90,18,,johann
3476,60,,,,130,,,,,,,,16,,,1160,193,24,48,1245,267,,,86,34,109,40,cambui
3475,,,,,3238,37,,,,,,,,,,,16,,31,,37,42,,,,,,mescouto
3474,,,58,81,,,,,,,,,,,,16,39,,131,378,177,138,344,1574,451,,15,ojeda
3468,39,,,,26,,,,,,,,,,,1187,642,77,31,1026,169,,,40,101,63,,baleeiro
3466,,,,,,,,,,,,,,,,,16,,26,115,399,758,1969,45,60,26,,krug
3466,,,,,,,,,,,,,,,,,82,19,48,1147,298,1395,297,59,29,16,,pieri
3462,54,,,,19,,,,,,,,,,,,18,28,27,95,400,887,1815,41,29,17,,witt
3448,,,25,,3033,41,20,,,,,,,,,,16,120,66,41,,34,,,,,,wanzeler
3444,,,259,17,1048,,,152,,21,42,171,260,,40,72,34,36,319,410,156,283,,19,,37,22,travasso
3439,,,,,,,,,,,,,,,17,27,200,,85,668,215,77,678,1175,200,20,24,candia
3434,16,,,,,,,,,,,,,,,,,,29,52,635,423,2126,,66,15,,henz
3428,58,,,,,,,,,,,,,,,23,16,136,15,691,1140,799,339,57,92,18,,trento
3417,,,,,,,,,,,,,,,,,15,,58,307,168,403,2255,48,93,,18,diehl
3417,59,,,,,,,,,,,,,,,,31,28,44,159,520,1513,898,22,114,,,zimermann
3412,,,20,,15,,,,,,,,,,,18,70,,,606,527,596,1348,35,66,44,,zanotto
3410,,,,,,,,,,,,,,,,,18,,244,71,273,1196,1440,41,42,,,hammes
3406,80,,,,18,,,,,,,,,,,20,109,247,35,114,364,1528,811,,58,,,westphal
3397,,,,,,,,,,,,,,,,,46,,,198,374,733,1823,22,54,,94,cenci
3393,,,,,28,,,,,,,,,,,,77,,26,510,632,1232,768,,53,,16,zilli
3392,,,,,1187,28,,1858,,,,,,,,,21,,70,42,17,53,,,,31,16,gatinho
3389,20,,,,,,,,,,,,,,,,,,27,110,398,2603,57,45,68,,19,eger
3377,,,70,,,,,,,,,,,,,,,,,27,55,537,2635,21,,,,selau
3373,,,77,,1688,1121,,25,,34,,,17,,,,72,,77,86,35,32,,,24,21,18,flexa
3370,,,60,27,256,49,23,2670,57,,,,,,,,,,,79,16,,,,,55,24,monteles
3368,,,,31,520,,1263,922,60,,,,,,,,31,,26,28,,,,,76,313,53,resplandes
3366,22,,,21,44,,,,,,,,,,,27,42,369,95,146,302,427,1756,17,40,,17,blank
3364,39,,,,,,,,,,,,,,,,17,,51,112,566,1415,968,23,58,18,42,hack
3362,,,,,,,,,,,,,,,,27,2079,133,248,540,184,23,,18,,15,49,mol
3356,27,,,,,,,,,,,,,,,19,289,566,2206,109,40,,,,24,,21,curty
3353,,,,,,,,,,26,2156,318,21,,,99,150,,34,271,,18,,19,76,108,19,confessor
3345,,,16,,,,,,,,,,,,,32,35,180,32,869,389,178,1369,60,80,16,,marion
3342,26,,15,,121,,20,,,,,,,,,,70,158,186,156,315,472,1671,,48,16,,gerhardt
3341,,,21,,85,,,18,21,,,,130,,,48,141,151,1583,711,71,112,75,23,,38,40,areias
3328,,,48,,221,35,21,2479,16,,,,,,,,36,15,158,96,,16,,,,38,68,bogea
3327,,,,,,,,,,,,,,,,25,2949,16,36,151,19,,,,,,64,campolina
3322,105,,,,,,,,,,,,,,,34,,534,42,193,156,288,1894,,23,,,jacobsen
3322,,,,,,,,,,,,,,,,,,,,85,257,1047,1830,,42,,,steffens
3309,27,,,,,,,,,,,,,60,,22,17,29,31,178,411,1757,710,,30,,,voss
3307,19,,,,,,,,,,,,,,,,,,24,90,28,181,2678,203,27,,,lencina
3307,40,,,,,,,,,,,,,,,,,,,262,239,340,2196,36,94,,28,pretto
3301,,,,,,,,,,,,,,,,,24,,31,192,559,2049,312,17,49,,,bez
3295,,,,,,,,,,,,,,,,,17,,24,36,54,178,2608,303,35,,,charao
3292,45,,,,15,,,,,,,,,,,32,95,129,90,502,314,179,1771,,44,,,dalcin
3278,45,,,,,,,,,,,,,,,15,129,49,404,75,295,378,1684,33,80,18,39,bohrer
3269,19,45,27,,78,,17,63,,1765,,57,178,,,42,47,,77,417,102,16,74,72,46,38,57,siebra
3255,39,,,,,,,,,,,,,,,,59,57,85,239,457,1499,715,,36,,,kraus
3249,,,,,23,,,18,,,,,,,,,26,,,120,692,485,1657,21,122,,,dallagnol
3248,,,,,,,,,,,,,18,,,16,71,17,97,179,268,541,1755,56,119,26,16,ely
3236,,,241,,1547,441,,,,105,46,293,31,,,33,32,,207,115,24,35,,,,,16,gurjao
3235,21,,15,,,,,,,21,,,24,,,22,70,25,73,270,149,1995,390,18,43,29,,marian
3231,27,,,,,,,,,,,,,,,,,,51,102,32,32,26,2830,85,,,arguelho
3226,403,40,1209,,291,114,92,280,39,41,18,,22,,,,62,52,104,198,49,23,19,,19,59,45,beleza
3217,,,,,,,,,,,,33,82,156,30,166,38,,379,224,65,154,1811,18,,,16,porciuncula
3205,,,22,,28,,,,,53,,,,,,,103,,155,360,196,114,586,1402,89,26,,morel
3198,,,,,,,,,,,,,,,,,,,,35,437,581,1984,,90,,,schuck
3197,18,,,,,,,,,,,,19,,,,227,,30,271,465,553,1434,23,65,17,,giordani
3183,,,,,,,,,,,,,,,,,,,30,69,2340,372,274,21,35,,,gabardo
3182,19,,,,,,,,,,,,,,,21,58,,132,745,388,99,99,1382,124,28,22,galeano
3178,,,,,,,,,,,,,,,,,29,,16,86,219,2732,43,,,,,reinert
3177,,,48,,,,41,,,24,,,133,,,16,65,,172,416,33,,,50,527,1256,344,curado
3150,,,,,,,,,,,,,,,,,19,30,942,62,297,359,1355,,,,28,erthal
3147,,,,,,,,,,,,,,,,19,28,,24,90,440,1017,1285,38,109,15,,veber
3136,,,,,20,,,,,22,,,,,,17,24,,48,85,191,1991,641,18,,,,alano
3134,,,,,,,3113,,,,,,,,,,,,,,,,,,,,,kraho
3133,,,,,,,,,,,,,,,,36,26,,25,187,298,561,1830,36,33,22,39,hoff
3113,33,,,,,,,,,,,,,,,17,,,,239,1122,608,946,22,83,,,brustolin
3108,,,,,142,,,363,16,2334,,,33,,,,,,20,81,,,,,,48,,nojosa
3107,,,,,,,,,,,,,,,,,841,23,269,578,187,1068,19,,22,38,19,lamim
3105,49,,,,,,,,,,,,,,,,24,,46,98,434,728,1559,30,59,15,,link
3088,,,,,61,,109,,,,,,,,,,1247,,27,140,,,,42,80,1134,167,vinhal
3085,29,,,,20,,15,18,,32,16,,27,,,31,82,20,76,192,310,287,1690,,88,56,23,renner
3078,,,,,17,,,,,20,,,16,,,16,58,,42,124,124,134,2371,25,17,21,,leites
3076,,,18,,,,,,,,,66,260,29,,191,151,53,1653,391,37,23,73,20,,,49,baltar
3075,,,,,,,,,,,,,,,,,20,208,,788,270,1592,80,28,22,,30,ronchi
3074,23,,,,,,,,,,,,,,,,24,249,117,208,262,615,1452,,23,31,,schumacher
3073,50,,,,,,,,,,,,,,,28,56,204,122,340,357,318,1340,24,116,35,29,tres
3072,,,18,16,269,17,47,2380,17,,,,,,,,16,,44,51,,,,,36,80,56,cantanheide
3071,,,,,,,,,,,,,,,,,87,,22,75,320,652,1708,59,97,,,both
3071,,52,110,,2735,26,,,,,,,,,,,,,,18,,33,,,,22,,progenio
3062,,,,,,,,,,,,,,15,,17,,,18,36,268,517,2073,17,37,,,kunzler
3061,38,,,,17,,,,,,,,,,,,,372,151,79,251,414,1581,35,51,,,rohr
3050,,,,44,,,,,,,,,,,,27,62,,66,260,775,341,1364,22,35,,,roth
3047,,,,,,,,,,38,15,,116,,,,41,,152,129,28,118,1448,184,372,291,71,alencastro
3033,,,,,,,17,,,,,,,,,,38,,,107,488,500,1668,31,93,,,agnol
3026,,,,,,,,,,,,,,,,,,,59,202,212,275,2085,43,56,,16,bock
3025,,,,,,,,,,,,,,,,,,,24,133,630,1690,435,29,35,,,scheidt
3022,,,,,,,,,,,,,,,,,,,,,,29,2937,,18,,,bierhals
3019,22,,19,,1184,1317,,,,,,,,,,63,25,,61,97,34,43,,,,42,53,amoras
3019,,,,,,,,,,,,,,,,,81,,62,1020,1196,402,87,20,90,,,bini
3016,,,,,,,,,,,,,,,,,,,,57,286,520,2000,23,60,,,kist
3012,,,,,348,109,,,,,,,,,,,556,,170,316,41,26,288,1012,25,60,19,sandim
3009,216,,,,63,,,,,,,,,,,75,113,721,123,207,280,1017,37,16,60,18,,will
3008,,,,,,,,,,,,,,,,,,,23,248,282,1659,661,15,52,,,fronza
2993,,,317,20,1575,64,,,,,,,,,,,138,,185,446,71,17,80,20,,,,esquerdo
2989,,,15,,2845,,,,,,,,,,,,,,20,,,21,,,,18,,estumano
2982,16,,,,,,,,,,,,,,,,34,,89,75,331,708,1559,28,91,20,19,kessler
2981,,,,,,,,,,,,,,,,,65,23,15,564,233,600,1352,20,73,,,giacomelli
2969,,,877,16,1867,28,,,,,,,,,,,,,38,41,,,,,,,,galucio
2963,,,,,,,,,,,,,,,,31,18,,,47,470,504,1698,20,96,29,,luft
2958,107,,,,25,,,57,,,,,,,,48,78,1398,175,563,321,,,19,94,,27,bravin
2949,,,19,,,,,,,,,,,,,,81,118,207,293,399,1094,577,26,60,20,,meier
2948,17,,,,69,,,38,,,,,,,47,1018,310,69,136,684,98,81,31,22,52,182,22,jedus
2947,239,,2409,17,37,,,,,,,,,,,69,,,,84,,,22,,,,,laborda
2931,,,68,,269,,,,,,,26,1140,53,,107,20,,93,900,81,19,,,42,,36,mergulhao
2924,,,,,,,,,,19,,,,,,,,,50,363,129,42,51,2051,126,17,,vilalba
2918,76,,,,,,,,,,,,,,,21,118,148,120,477,373,1190,229,,51,,44,lenzi
2912,,,,,,,,,,,,,,,,,,,25,100,1596,426,572,17,104,,,kaminski
2912,15,,,,,,,,,,,,,,,,,,,40,370,713,1596,15,98,,,sehn
2912,,,,,,,,,,,,,,,,,33,,102,179,2268,112,109,25,24,17,,stadler
2912,,,,,,,,,,,,,,,,,25,,64,96,321,475,1780,,72,,27,webber
2906,,,,,,,,,,,,,,,,,,,,56,279,703,1709,32,64,,,schuh
2903,,,,,,,,,,,,,,,,24,,44,30,194,297,1275,845,,103,,25,trevisol
2900,,,,,,,,,,,,,,,,,,,25,112,572,448,1635,22,18,,30,maurer
2896,,,,,,,,,,,,,,,,,,,,193,1552,314,702,,59,,,strapasson
2891,26,,118,,,,,,,,,,,,,,53,,21,508,1243,555,212,31,68,,,bonete
2886,,,17,,176,,32,2268,,21,,,,,,,37,,33,55,19,,,,21,83,65,garreto
2886,,,,,,,,,,,,,,20,,,105,17,2556,100,,17,,,,,25,monsores
2885,16,,,,,,,22,,,,,,,,,28,,24,90,934,1415,127,32,111,46,22,esser
2879,,,15,,,,,,,,,,,,,,,,23,196,93,65,342,2025,73,,,lescano
2879,27,,,,,,,,,,,,,,,,,,45,224,2305,180,42,,15,,,mazur
2879,18,24,,,,,,,,,,,,,,,,,22,43,435,400,1735,33,112,,,schons
2877,,,,,,,16,,,,,,,,,23,,,,49,214,322,2039,63,62,18,28,frantz
2877,18,,,,,,,,,,,,,,,1666,37,,,662,43,,,,79,216,88,sateles
2874,,,,,,,,,,,,,,,,,16,,,335,336,504,1488,32,81,,,bavaresco
2871,225,,,,,,,,,,,,22,,,38,62,1402,233,141,55,136,480,,25,,18,tesch
2863,,,,,18,,,,,,,,,,,,21,,25,81,299,903,1365,21,50,22,,neis
2862,16,,,,,,,,,,,,,,,,17,,54,138,327,1863,353,24,41,,,heinz
2843,16,,1991,18,612,,,,,,,,28,,,,15,,44,42,,,,,,,26,lavareda
2833,,,,,,,,,,,,,,,,,16,,,30,356,520,1780,19,51,,16,lamb
2831,,,26,26,27,16,,,,24,,,16,,,25,223,30,145,479,341,1022,268,24,27,39,23,paul
2825,,,,,,,,,,,,,,,,1824,59,27,21,810,31,,,,,,,libarino
2824,34,,,,18,,17,,,,,,,,,105,82,325,18,67,413,254,1362,24,76,,,seibert
2823,,,,,,,,,,,,,,,,,,,,30,309,2437,16,,,,,junkes
2823,34,,16,,,,,,,,,,,,,,23,,68,91,291,557,1638,,53,,,kurtz
2814,,,,,,,,,,,16,,25,,,,159,,,114,342,595,1401,15,50,,,deon
2807,31,,,,,,,,,,,,,,,,17,,,64,654,1156,719,55,73,,,neckel
2804,,,,,,,,,,,,,,,,213,116,1218,745,217,25,19,131,27,,,34,lyrio
2799,,,,,,,,,,,,,,,,,346,40,86,317,156,1385,366,,,,38,cipriani
2793,,,,,,,,,,,,,,,,,,,,95,394,393,1741,22,65,,19,bresolin
2792,,,,,,,,,,,,,,,,,,,,55,426,569,1435,124,115,,,scariot
2782,,,,,,,,,,,,,,,,,,,42,115,344,435,1595,26,147,18,,eckert
2761,74,,,,38,,,51,,,,,,,,32,161,1817,143,217,153,,,,17,,33,bravim
2759,,,65,,61,,,152,,35,1635,60,27,,,20,54,,132,316,,,,,23,74,31,caninde
2753,,,,,,,,,,,,,,,,,72,,16,61,228,1335,966,17,18,,,sell
2751,,,,,,,,,,,,,,,,,17,,17,138,398,559,1504,16,58,,,graff
2742,15,,,26,48,,,,,1862,16,,,,,28,23,,347,142,,,,,,,135,timbo
2741,45,,,,46,,,,,,,,,,,74,151,1543,86,620,67,,,,,21,48,caliman
2739,,,,,,,,,,,,,,,,31,18,,44,39,226,714,1478,,99,30,17,flach
2732,,,,,,,,,,17,766,1208,62,,21,41,48,,277,179,,,,,,30,20,salustino
2731,51,,,,,,,,,,26,,16,,,,124,28,72,292,1351,141,368,188,32,,,matozo
2723,17,,22,72,,,,,,,,,,,,,31,,,211,140,87,411,1557,109,18,,sanabria
2716,58,,,,,,16,,,,,,,,,85,58,1039,1237,91,15,,,28,17,22,,campista
2715,,,,,,,,,,,,,,,,,25,,49,76,334,488,1576,36,90,,,kraemer
2715,,,,,,,,,,,,,,,,21,49,385,43,48,255,405,1381,15,68,23,,seibel
2706,29,,,,,,,,,,,,,,,,,,24,96,851,1655,,,,,15,massaneiro
2704,,,,,,,,,,,,,,,,,366,,236,488,273,1230,28,,,23,,lamin
2699,,,,,,,,,,,,,,,,,35,73,149,175,106,107,1944,36,19,,26,leivas
2691,,,2655,,24,,,,,,,,,,,,,,,,,,,,,,,maricaua
2686,34,,,,,,,,,,,,,,,,,,,56,306,293,1793,,135,,17,dapper
2681,69,101,404,,125,,,19,,1526,,,17,,,,,,36,217,,,,,15,,33,camurca
2681,,,,,,,,,,,,,,,,,,,,64,266,641,1642,,17,,,jahn
2681,,,,,,,,,,,,,,,,,40,161,39,109,227,1028,947,18,51,,,schaffer
2673,,,,,,,,,,,,,,,,,,,,25,180,420,1897,19,54,19,,arend
2672,30,15,38,,58,,19,51,27,92,,,65,,,25,36,38,164,327,131,39,118,1140,121,60,49,chimenes
2670,,,25,,139,,,24,,96,1547,155,56,,,,,23,280,159,,18,,,27,26,30,pegado
2644,,,,,,,,,,,,,,,,,83,181,61,338,1154,218,497,,18,,,ceccon
2642,,,468,,261,20,,276,,19,,,,,,56,,,80,101,34,1147,136,,,,,cascaes
2641,,,,,,,,,,,,,,,,,,,37,111,383,479,1574,,,,,baum
2631,95,,,,,,,,,,,,,,,,264,89,24,119,284,1151,475,18,67,,,maas
2622,,,,,,,,,,,,,,,,,23,,,352,205,132,1870,,,,,mengue
2616,,,16,,,,,,,,,,,,,46,51,69,1937,288,34,22,,,,70,15,manhas
2606,,,,,1207,17,,32,,,,,73,,,188,479,,157,290,54,25,,,,20,25,barral
2604,,,30,,73,,,,,,,,189,18,23,1565,141,107,117,177,21,28,,,,,33,caribe
2597,43,,,,92,,,,,,,,,,,,,,,46,427,319,1483,,90,18,,mezzomo
2595,45,,76,,24,,,30,24,1119,214,18,31,,156,178,79,,71,359,26,,,,,49,38,secundo
2584,,,,,30,,,,83,33,29,115,1295,,,73,80,,225,308,72,27,,34,,25,85,arcoverde
2579,,,,,,,,,,,,,,,,,28,,55,84,348,283,1600,64,66,,,graeff
2572,,,,,,,,,,,,,,,,,,,29,36,22,212,2197,,16,,20,bicca
2571,,,,,,,,,,,,,,,,27,,,24,93,219,373,1680,,91,,,fritsch
2570,,,,,,,,,,,,,,,,26,,,,74,229,193,1840,53,79,,,winck
2562,39,,,49,284,,184,1226,185,19,,,,,,,,,68,152,27,,17,,41,93,80,varao
2548,,,,,,,,,,,,,,,,,,,,67,894,1465,34,,37,,,grein
2548,38,,,,59,,31,87,29,20,,,37,22,74,1044,272,83,122,316,59,19,20,19,42,108,29,virgem
2544,,,1065,35,1327,,,,,,,,,,,,,,19,43,,,,,,,,printes
2544,,,,,32,,,,,,,,,,,,,,25,87,160,412,1697,35,60,,,wegner
2537,,,,,,,18,,,,,,,,,,32,,25,55,107,458,1717,29,52,,17,schuch
2533,,,,,,,,18,,54,118,1123,249,,,136,40,,251,400,,,,,,23,30,antas
2532,20,,956,,1313,32,,,,,,,,,,,,,23,48,47,,,,,,16,vinhote
2517,,,,34,,,,,,,,,20,,,25,62,,26,118,392,240,1422,26,67,16,,adams
2514,20,,,,,,,,,,,,,,,19,,,,30,352,522,1413,37,65,,,dahmer
2513,,,,,32,,59,26,221,,,,,,,,21,,28,87,27,126,1727,,32,46,57,veleda
2512,43,,,,,,,,,,,,,,43,1058,214,54,44,461,188,23,16,21,108,127,33,sorte
2503,,,,,141,26,18,1941,,,,,,,,,30,,68,104,,24,,,34,38,,colins
2495,,19,2262,31,,,,,,,,,,,,,58,,17,23,,,,,,,,maquine
2482,24,,,,,,,,,,,,,,,,,,48,227,355,68,211,1408,72,,,colman
2478,22,,,,,,,,,,,,,,,,44,,367,243,366,57,208,1022,56,31,16,bogado
2475,,,,,41,,,1091,24,22,,,227,,,154,40,,270,252,,119,36,24,52,37,19,povoas
2469,24,,,,,,,,,,,,,,,,20,,,,233,277,1738,,103,,,konzen
2466,25,,,,28,,,,,,,,,,,,17,,,24,340,1479,454,,31,,,bruch
2464,,,,,,,,,,,,,,,,,,,,26,84,544,1724,,37,,,behling
2456,31,,,,,,,,,,,,,,,,,168,,35,150,63,1920,,49,,,hartwig
2455,1293,,,,,,,,,,,,,,,21,24,,34,99,,,,,904,21,,cinta
2450,,,,,,,,,,,,,,,,,,,,71,269,1904,132,,34,,,waltrick
2445,,,,,,,,,,,,,,,,,,,21,335,86,27,,1858,60,,,areco
2433,,,,,,,,,,,,,,,,,23,,26,121,273,383,1388,17,62,40,57,argenta
2432,,,,,,,,,,,,,,,,16,27,,25,240,245,344,1385,18,39,69,,pertile
2431,,,,,,,,,,,,,,,,,,,21,140,247,373,1509,,39,,,copetti
2430,,,,,,,,,,,,,,,,,,21,57,106,427,232,1452,64,33,,,leiria
2428,25,79,71,,46,,,,92,1008,34,35,131,,,102,30,19,278,234,47,20,33,72,,,31,araripe
2420,15,,,,32,,,34,18,,,,,,,24,93,84,24,150,146,181,1402,43,93,17,,bones
2416,30,,,,,,,,,,,,31,42,52,1042,83,69,96,416,25,,,15,107,198,145,guirra
2405,44,,,,,,,,,,,,,,,,,,,69,1417,431,360,30,18,,,levandoski
2396,,,,,,,,,,,,,,,,,,,,355,1229,282,386,21,59,,,fracaro
2396,50,,59,,23,,,,,,,,,,,16,38,46,154,491,144,30,32,1167,65,,,salina
2394,,,,,,,,,,,,,,,,,,,23,49,157,482,1621,,27,,,haag
2391,38,,,,,,,,,,,,,,,,,,,39,168,2016,,47,39,,,peixer
2381,,,,,,,,,,,,,16,,,,30,27,25,54,184,350,1505,75,48,16,,conrad
2373,,,1217,,44,,,,,,,,,,,,15,,84,544,97,79,226,,,,,grana
2361,23,,,,112,,24,125,18,17,,,15,,127,1063,181,60,39,242,38,47,,,36,105,18,jeus
2361,,,,,,,,,,,,,,,,,2359,,,,,,,,,,,maxakali
2357,,,,,20,,,,,,,18,,,,,,,,78,344,145,1600,,119,,,tormes
2353,,,,,15,,,,,,,,,,,20,15,,,43,335,1050,769,,64,,,barp
2353,,,1242,20,40,,,106,,595,,,,,,,,,70,81,,,,,,69,59,jacauna
2352,18,,,18,292,71,17,1266,20,17,,,,,,,37,,95,184,20,29,,,44,97,80,cutrin
2350,,,,,15,,,,,,,,,,,,,,,81,353,1705,29,84,15,,,kuhnen
2350,16,,,,,,,,,,,,,,,22,128,17,56,103,211,318,1364,24,51,,,schirmer
2346,,,,,,,,,,,,,23,,,,,,30,256,319,1098,492,19,35,17,,graf
2339,15,,,,,,,,,,,,,,,,,,,52,361,336,1372,43,90,15,,rockenbach
2327,,,,,,,,,,,,,,,,,,,,86,253,360,1465,63,34,,,assmann
2327,24,,,,23,,,,,,,,,,,,,,,78,410,1616,16,42,72,,,boing
2326,17,,,,,,,,,,,,,,16,1556,26,28,110,349,45,34,,21,25,31,,suzarte
2323,29,,,,61,,84,,,,,,17,,,,39,,,61,,,,,67,1810,68,chaveiro
2321,,,,,,,,,,,,,,,,,,,,46,807,1175,231,,26,,,marafigo
2319,,,,,33,,,,,,,,,,,,21,,27,56,261,1102,720,,58,,,decker
2316,22,,,,,,,,,,,,,,,,24,,,353,1103,225,464,53,42,,,cavali
2315,,,30,,1548,71,,107,,17,,,,,,,51,23,24,74,36,192,,,19,72,,avis
2309,,,1142,22,886,,,,,,,,,,,,17,,26,133,18,,,,,,,marialva
2299,,,,,,,,,,,,,,,,,,,,23,215,425,1555,,43,,,kroth
2299,,,330,,1342,,,,,,,,,,,,,,104,57,,17,,,297,,37,tapajos
2295,,,,,,,,,,,,,,,,,28,,46,83,75,318,1649,,,15,,jaeger
2284,,,,,17,,,,,,,,,,,,19,,,39,209,428,1485,,46,,,hanauer
2283,1313,,,,,,,,,,,,,,,,,,,,,,,,937,,,larga
2273,,,,,,,,,,,,,,,,24,,,,63,394,1723,27,,,,,cidral
2268,,,24,,87,,,,,158,1005,329,42,,,31,,,277,194,,,,,,20,18,bezerril
2266,,,,,,,,,,,,,,,,18,43,,37,210,294,76,133,1302,73,16,,aguero
2258,,,,,,,,,,,,,,,,,,,,19,268,333,1478,21,68,,,ledur
2257,,,,,,,,,,,,,,,,,72,43,1949,39,83,,,,,,31,ouverney
2253,,,,,,,,,,,,,,,,,,,,41,146,187,1681,20,88,29,,londero
2245,,,,,,,2143,73,,,,,,,,,,,,,,,,,,,,apinaje
2244,,,,,66,,34,122,,,,,,,,1299,124,,207,207,,34,20,,,19,,casais
2243,,20,206,,191,,,,15,1039,24,21,130,19,,27,18,,162,167,21,,,,16,33,82,catunda
2241,,,,,103,,,1275,,,,,37,,,,20,,58,492,64,,,,60,25,16,lica
2239,,,,,,,,,,,,,,,,,,,,61,213,300,1482,,67,20,22,konrad
2230,,,,,,,,,,,,,,,,,,,,85,210,1777,106,,,,17,burigo
2227,,,,,,,,,,,,,,,,,,,,24,242,316,1500,21,65,,16,dickel
2218,,,,,,,,,,,,,,,,,,,,32,139,363,1590,21,27,,,weschenfelder
2212,,,1565,,535,,,,,,,,64,,,,,,,31,,,,,,,,miquiles
2190,,,,,2190,,,,,,,,,,,,,,,,,,,,,,,xikrin
2186,,,,,,,,,,,,,,,,,,,,,225,1892,20,,,,,guesser
2184,16,,,,,,,,,,,,,,,,,,,160,97,1119,708,,43,,,braatz
2183,23,,,,,,,,,,,,,,,,,46,25,56,182,302,1427,,45,,,frohlich
2181,,,,,,,,,,,,,,,,,,,,30,309,1723,45,,22,,,schlickmann
2178,20,,,,,,,,,,,,,,,,,,,39,265,303,1485,,31,,,kich
2177,,,,,,,,,,,,,,,,,,,49,42,188,147,1704,,16,,,tatsch
2174,,,,,,,,,,,,,,,,44,100,194,106,364,195,1076,27,,,,,venturi
2163,,,,,,,,,,,,,,,,17,,,,38,189,164,1429,144,122,,,stefanello
2161,138,,,,,,,,,,,,,,,,15,1020,142,60,70,47,600,,26,,,klippel
2159,,,2058,30,,,,,,,,,,,,,,,,,,,,,,,,melgueiro
2157,,,,,,,,,,,,,,,,40,,,21,33,224,227,1439,16,79,27,,kolling
2153,,80,2034,,,,,,,,,,,,,,,,,,,,,,,,,tananta
2152,,,,,,,,,,,,,,,,,,,,,17,103,1964,15,,,,bilhalva
2152,,,,,,,,,,,,,,,,,,40,,23,48,241,1763,,,,,evaldt
2149,,,,,,,,,,,,,,,,,18,,21,110,208,1627,105,,,,,floriani
2131,23,,,,,,,,,,,,,,,,76,256,18,356,241,1031,16,18,44,15,,pavesi
2129,,,1860,,,,,,,,,,,,,,20,,,87,38,26,33,,,,,deni
2118,,,,,,,,,,,,,,,,,,,,61,450,1518,24,,20,,,macaneiro
2114,,,,,,,,,,,,,,,27,1784,19,,17,131,,,,20,,,41,cedraz
2112,,,,,,,,,,,,,,,,,,,,42,150,357,1485,28,,,,staudt
2111,32,,,,,,,,,,,,,,,,,,,32,350,194,1389,41,43,,,limberger
2111,,,,,,,,,,,,,,,,,,,,265,269,1447,37,,45,,,voltolini
2104,,,,,22,,,,,,,,,,,,,,,19,392,1421,126,56,38,,,dagostin
2100,,,,,,,,,,,,,,,,,28,,42,376,258,57,149,1122,20,,,chamorro
2100,,,,,20,,,,45,86,,284,1057,,,42,36,,23,351,16,,,,,51,43,mourato
2099,,,,,,,,,,,,,,,,,,,,17,25,504,1535,,,,,lumertz
2089,85,,,,,,,,,,,,,,,,137,245,15,34,179,1150,212,,,,,piske
2079,,,,,,,,,,,,,,,,,187,15,1505,213,18,,,,,72,,navega
2072,16,,25,84,15,,,,19,,,,18,,,1015,127,66,40,303,55,41,60,41,30,61,21,cana
2070,,,,,,,,,,,,,,,,,,,28,184,169,78,309,1147,94,,,gauna
2064,,,,,,,,,,,,,,30,,,16,,57,53,332,158,1345,,26,,,born
2060,,,,,1982,,,59,,,,,,,,,,,,,,,,,,,,tembe
2058,,,1777,,99,,,,,22,,,35,,,,,,35,33,,,,,,,17,michiles
2057,,,,,,,,,,,,,,,,,,,15,41,170,250,1444,25,18,,25,lampert
2057,,,2055,,,,,,,,,,,,,,,,,,,,,,,,,mayuruna
2057,,,,,,,,,,,,,,,,25,,,34,499,99,18,,1228,82,,20,vilalva
2055,1459,,,,456,,,,,,,,,,,,,,,,,,,,129,,,surui
2052,,,,,61,,87,,,,,,,,,,246,,,36,,,,,94,1426,37,eterno
2044,,,,,2043,,,,,,,,,,,,,,,,,,,,,,,parakana
2039,,,,,,,,,,,,,,,,,42,,44,52,107,168,1551,,39,,,linck
2038,,,2027,,,,,,,,,,,,,,,,,,,,,,,,,kanamari
2029,,,,,,,,,,,,,,,,,77,,18,97,54,301,1393,17,16,,24,puntel
2020,,,,,46,,,,,,,,,,,27,140,1201,317,101,,,20,,25,26,46,feu
2018,18,,,,25,,,,,,,,,,,26,,,,28,207,251,1361,,64,,,lermen
2011,,,,,30,,,,,,,,,,,30,37,,109,121,196,1278,84,,24,25,,gorges
2007,,,,,,,,,,,,,,,,,108,,21,168,100,1201,320,19,16,23,,reiter
1995,30,,,,60,160,,16,,,,,27,,,,17,,56,224,1176,91,,,,,31,ingles
1990,,,,,,,,,,,,,,,,,,35,,,217,231,1368,39,43,,,neitzke
1972,21,,30,33,88,,15,1439,,,,,,,,,,,98,88,,,,,,58,44,catanhede
1961,,,,,,,,,,,,,,,,,,156,,45,185,1005,415,30,80,17,,mees
1960,,,,,,,,,,,,,,,,,23,22,18,111,1144,110,370,109,,,,artigas
1951,,,,,,,,,,,,,,,,,,47,25,100,269,1064,354,,57,,,hasse
1951,304,,,,,,,,,,,,,,,,37,1435,39,27,,19,,,,,18,pagung
1948,24,,,,18,,,,,,,,,,,,,,,47,226,1541,18,20,23,,,goedert
1946,,,124,,1567,38,,,,,,,,,,24,,,52,27,17,,,,,,,vulcao
1931,,,1889,18,,,,,,,,,,,,,,,,,,,,,,,,faba
1926,,,,,,,,,,,,,,,,,39,,1759,28,,,,,,,41,carius
1925,37,,,,,,,,,,,,,,,,,,,39,248,1501,44,,26,,,martendal
1910,,,,,15,,,,,,,,,,,,,,,19,301,1047,447,22,,,,lunelli
1907,,,25,,,,,,,,,,,,,,,,,36,189,1600,,16,,,,prim
1906,,,,,,,,,,,,,,,,,,,28,103,190,48,159,1220,109,,,centuriao
1905,,,,,,,,,,,,,,,,,,,16,,,45,1829,,,,,gauterio
1904,,,,,,,,,,,,,,,,,,,19,64,198,1434,140,,,,,krueger
1902,,,1864,,15,,,,,,,,,,,,,,,,,,,,,,,chota
1896,,,,,,,,,,,,,,,,,,,,18,284,1533,23,,27,,,pscheidt
1893,,,,,,,,,,,,,,,,,,,15,76,197,1131,413,,22,,,sagaz
1892,,,,,,,,,,,,,,,,,27,,,43,92,297,1367,,,,,radtke
1887,,,,,,,,,,53,,,,,184,1153,15,,24,319,40,19,,,,,,invencao
1884,17,,1407,22,275,17,,29,,,,,,,,,,,,16,,,,,,,,auzier
1880,,,,,,,,,,,,,,,,,,,17,53,129,113,1411,98,23,,,tolfo
1875,,,,,,,,,,,,,,,20,,18,,28,356,178,27,28,1087,62,15,,centurion
1875,,,,,,,,,,,,,16,,,1296,46,,286,99,18,,,,,24,42,uzeda
1874,,,,,,,,,,,,,,,,,,,,22,221,1557,26,15,,,,wiggers
1860,,,,,,,,,,,,,,,,,,,,18,270,1518,17,,,,,koerich
1859,,,,,31,,,,,,,,,,,,,,19,32,185,1474,82,,,,,fuck
1850,,,90,,1052,34,,160,,27,,,,,,,84,,180,65,,21,,,,,47,rayol
1850,,,,,,,,,,,,,,,,,,,,49,238,93,1436,,,,,rutz
1844,,,,,,,,,,,,,,,,,,,,34,284,1316,151,,21,,,heidemann
1844,19,,82,200,18,,,,,,,,,,,,17,,,86,195,1013,62,22,76,,,rengel
1839,56,,,,,,,,,,,,,,,1270,148,,89,127,,,23,,,19,,deiro
1836,33,,,,25,,,,,,,,,,,34,41,1052,55,328,141,,64,,,,,zucoloto
1835,,,,,257,1104,,,,,,,,,,,,,,321,,29,,,18,,,tolosa
1832,,,,,,,,,,,,,,,51,1036,22,271,119,238,29,,,,,,33,lordelo
1822,24,15,,,,,,,,,,,,,,,,,24,155,257,31,39,1134,73,,,rolon
1821,,,,,65,,,,,,,,,,,1008,55,57,32,533,,,,,,,,cajaiba
1819,,,,,48,,,,,,,,,,,,28,,79,203,146,1211,,,37,17,,buzzi
1816,18,,,,,,,,,,,,,,,,,,,176,1394,72,43,38,21,29,,bobato
1815,,,,,304,1372,,52,,,,,,,,,,,,22,,,,,,,,amanajas
1812,,,,,,,,,,,,,,,,,,,15,34,54,83,1594,,,,,briao
1807,,,,,,,,,,,,,,,,,26,,385,75,114,1161,,,,,,hang
1805,,,,,,,,,,,,,,,,,,,17,48,114,230,1345,,15,,,susin
1800,18,,,,,,,,,,,,,,,,,,,51,1638,51,,,,,,stresser
1798,,,,,1695,97,,,,,,,,,,,,,,,,,,,,,,tiriyo
1775,,,,,,,,,,,,,,,,,,,23,25,50,1532,108,,,,,hames
1775,,,,,,,,,,,,,,,19,1018,21,,30,501,107,22,,,24,,,trabuco
1773,37,,,,,,,,,,,,,,,,,,20,159,1397,92,,,,,,bora
1770,,,,,,,,,,,,,,,,,,,,54,382,1126,105,21,47,,,locks
1769,,,,,,,,,,,,,,,,1160,43,,,412,33,,,,78,,,tanan
1765,,,,,,,,,,,,,,,,,,,38,285,89,20,,1050,73,134,15,canhete
1764,,,,,,,1666,,,,,,,,,,,,,,,,,,24,55,,javae
1747,,,,,,,,,,,,,,,,,16,21,32,123,1149,137,209,21,,,18,gusso
1746,,,,,,,,,,,,,,,,,,,,24,237,1397,,24,,,,gesser
1735,41,,,,,,,,,,,,,,,,,,16,62,155,1319,109,,,,,cechinel
1735,,,,,,1721,,,,,,,,,,,,,,,,,,,,,,waiapi
1733,,,,,,,,,,,,,,,,,,,31,27,89,147,1349,15,36,,,gass
1731,,,,,,,,,,,,,,,,,,,,,109,1207,309,,56,,,hillesheim
1722,,,,,,,,,,,,,,,,,,,,,,35,1661,,,,,longaray
1716,,,,,,,,15,,,,,,,,52,36,,33,148,262,1032,31,,,,,sens
1714,19,,,,,,,,,,,,,,,,16,,,20,228,1346,34,,,,,nandi
1701,28,,,,,,,,,,,,,,,,18,,,95,96,21,36,1315,49,,,vilhalba
1688,,,,,,,,,,,,,,,,,,,22,189,109,38,119,1069,59,,22,ocampos
1685,89,,,,,,,,,,,,,,,,,252,,20,91,1042,108,19,27,,,klitzke
1682,52,,,,69,,,,,,,,,,,,185,1189,47,35,34,,,,,18,,helmer
1677,,,,,,,,,,,,,,,,,,,,43,192,1228,113,15,46,,,benedet
1660,,,,,,,,,,,,,,,,,,,,,359,1220,,,47,,,blasius
1656,48,,,,,,,,,,,,,,,,51,1332,63,48,,71,,,,,,torezani
1652,,,372,,1157,31,,,,,,,,,,,,,,20,,,,,,,,branches
1649,,,,,,,,,,,,,,,,,,,,453,66,1022,,,,,17,sorato
1641,,,,,,,,,,,,,,,,,17,,,248,232,1073,,,,,,tomio
1639,40,,,,,,,,,,,,,,,,43,,16,187,68,1230,,,,,,testoni
1638,,,,,,,,,,,,,,,,,,,37,76,110,1132,188,,,,,sagas
1632,,1625,,,,,,,,,,,,,,,,,,,,,,,,,,jaminawa
1628,,,,,,,,,,,,,,,,,,,46,92,290,1077,35,,47,,,pickler
1627,,,,,,,,,,,,,,,,,,,,104,193,72,,1148,66,,,garcete
1593,,,,,152,,16,1224,17,,,,,,,,,,16,81,,,,,,19,,licar
1589,,,,,,,,,,,,,,,,,,,,48,,,,141,1348,,,cebalho
1588,,,,,1363,123,,,,,,,,,,,,,,17,,17,,,,,,foro
1588,,,,,,,,,,,,,,,,,,,30,61,17,62,1351,,,,,robalo
1587,,,,,,,,,,,,,,,,,,,18,16,,28,1495,,,,,escouto
1586,58,,,,27,,,,,,,,,,,39,216,1054,83,48,,,,,,,,vago
1579,,,,,,,,,,,,,,,,29,52,1278,106,26,,,30,,,,,magnago
1563,,,,17,37,,,1351,,,,,,,,,,,18,56,,,,,,22,15,saminez
1559,,,65,,34,,,,,1227,19,,,,,,,,26,61,,,,,,37,38,praciano
1536,,,,,,,,,,,,,,,,30,78,1108,20,208,,,,,20,,23,scardua
1535,40,1495,,,,,,,,,,,,,,,,,,,,,,,,,,manchineri
1528,,,,,,,,,,,,,,,,,,,,29,240,1130,,20,73,,,boeing
1528,,,,,,,,,,,,,,,,,36,1211,122,37,,16,19,,,,30,dalvi
1524,160,,23,,,,,,,,,,,,,,22,1151,,53,22,29,,,,,,littig
1506,,,19,,1037,186,,,,,,,,,,,,104,79,,,,,,,,16,vanzeler
1505,,,,,1380,,,,,,,,,,,,,,37,32,,18,,,,,,malato
1501,,,15,,1309,63,,,,17,,,,,,,,,23,,,19,,,,,,calandrine
1500,23,,,,,,,,,,,,,,,,,,,19,276,1069,19,,60,,,heinzen
1492,,,,,,,,,,,,,,,,,,,,103,112,1232,,,,,,lohn
1490,,,,,,,,1065,,,,17,,,,,63,,45,185,20,,28,,,21,,monroe
1476,,,1475,,,,,,,,,,,,,,,,,,,,,,,,,kanamary
1470,,,,,,,,,,,,,,,,,,,15,23,196,1148,49,,22,,,sebold
1469,,,,,,,,,,,,,,,,,,,,164,87,1147,21,,,,,stolf
1455,,,,,1436,,,,,,,,,,,,,,,,,,,,,,,saw
1441,,,,,1147,16,,15,,84,,,,,,,,,53,41,,15,,,,,19,lourinho
1438,,,,,,,,,,,,,,,,1262,,,50,64,,,,,,,,venas
1412,,,,,,,,,,,,,,,,,51,,71,37,104,1126,,,,,,pitz
1405,24,,,,,,,,,,,,,,,,19,,21,198,45,19,,1035,22,,,louveira
1393,25,,30,15,43,,,1073,,,,,,,,,,,60,31,,,,,,27,26,privado
1393,,,,,,,,,,,,,,,,,,,,,15,,,,1324,16,,wa
1386,,,1366,,,,,,,,,,,,,,,,,,,,,,,,,curico
1383,,,,,,,,,,,,,18,,,,,,,23,132,1137,25,,15,,,stupp
1370,,,1347,23,,,,,,,,,,,,,,,,,,,,,,,,waimiri
1343,,,,,1153,20,,,,,,,,,,27,,,60,,,18,,,,,,margalho
1322,,,,,,,18,,,,,,,,,,,,,16,157,1090,,,,,,goetten
1306,25,,,,,,,,,,,,,,,,,,,15,178,1026,19,,27,,,kreusch
1300,,,,,1053,,,,,,,,,,,,20,,26,135,33,,,,,,,poca
1284,,,,,28,,15,,,,,,,,,,16,1080,40,,,,38,,,,,trabach
1280,49,,1123,42,,,,,,,,,,,,,,,17,,,,,,,,,sevalho
1276,,,,,,,,,,,,,,,,,,,,18,159,1031,,15,,,,longen
1270,,,,,,,,,,,,,,,,,,,,71,44,1109,18,,,,,poffo
1269,25,,,,,,,,,,,,,,,,,,,49,1101,48,,,,,,valenga
1259,,,,,1181,,,,,,,,,,,,,,27,,,,,,,,,cuimar
1244,,,,,,,,,,,,,,,,,,,,59,76,,,1021,47,,,amarilha
1232,,,,,,,,,,,,,,,,,,,,23,136,1001,19,,35,,,warmling
1226,,,1216,,,,,,,,,,,,,,,,,,,,,,,,,anaquiri
1203,,,,,,,,,,,,,,,,,,,,21,60,1095,,,,,,cristofolini
1195,,,,,30,,,,,,,,,,,,,,,,,,,,1150,,,kaiabi
1167,,,,,1122,,,,,,,,,,,,,,,19,,,,,,,,karo
1164,,,,,,,,,,,,,,,,1074,,,29,27,,,,,,,,puridade
1142,,,1106,,,,,,,,,,,,,,,,,,,,,,,,16,tenazor
1115,,62,1047,,,,,,,,,,,,,,,,,,,,,,,,,marubo
1111,,,1077,16,,,,,,,,,,,,,,,,,,,,,,,,samias
1101,,,,,1026,,,,,,,,,,,,,,,,,16,,,,,,borcem
1100,,,,,,,,,,,,,,,,,,1085,,,,,,,,,,jastrow
1099,,,,,16,,,,,,,,,,,,,,,,,,,,1082,,,metuktire
1074,,,,1072,,,,,,,,,,,,,,,,,,,,,,,,xirixana
1057,,,,,,,,,,,,,,,,,,,,16,30,1004,,,,,,junckes
1045,,,,,,,,1019,,,,,,,,,,,,,,,,,,,,krikati